Recall,PositiveRating,PerfRatio,Impact,top,right,bottom,left
0.6107959467578026,0.5644141188589444,3.677456970570154,40.22338267607064,19,266,242,43
