Recall,PositiveRating,PerfRatio,Impact,top,right,bottom,left
0.5909896847144683,0.5335587551662561,3.5121228499163815,39.208635279369624,57,262,242,77
