Recall,PositiveRating,PerfRatio,Impact,top,right,bottom,left
0.5376419683364068,0.501560855851994,3.349313003442125,36.64729288050599,19,266,242,43
