Recall,PositiveRating,PerfRatio,Impact,top,right,bottom,left
0.6140130891463735,0.512284562306544,3.478906654256027,38.653067297624304,19,291,242,68
