Recall,PositiveRating,PerfRatio,Impact,top,right,bottom,left
0.5190355976848322,0.4381949478491846,3.329898626758783,36.189807633894745,36,262,222,77
