Recall,PositiveRating,PerfRatio,Impact,top,right,bottom,left
0.5013546457262217,0.42165230963432165,3.1512190965552547,34.86188457608888,36,262,222,77
