Recall,PositiveRating,PerfRatio,Impact,top,right,bottom,left
0.6087330598039197,0.47959779781981676,3.3344071602648104,37.19865456837363,19,266,242,43
