Recall,PositiveRating,PerfRatio,Impact,top,right,bottom,left
0.50941293826237,0.4830823293113103,3.0880919361103034,34.53138285203633,19,266,242,43
