Recall,PositiveRating,PerfRatio,Impact,top,right,bottom,left
0.5974010976627705,0.5601836140395605,3.599709976039251,39.34161918239975,36,262,222,77
