Recall,PositiveRating,PerfRatio,Impact,top,right,bottom,left
0.5852140996088961,0.49811742522476604,3.332374150444682,36.84863466894492,19,266,242,43
