Recall,PositiveRating,PerfRatio,Impact,top,right,bottom,left
0.5699482581965651,0.4607086038611095,3.383994514266118,37.11045173481305,36,262,222,77
