Recall,PositiveRating,PerfRatio,Impact,top,right,bottom,left
0.5575188896712847,0.5161795449022072,3.5173252102978636,38.71771177131408,19,266,242,43
