Recall,PositiveRating,PerfRatio,Impact,top,right,bottom,left
0.5917562154808114,0.5224007270629981,3.4944741769253302,39.03419544061492,36,262,222,77
