Recall,PositiveRating,PerfRatio,Impact,top,right,bottom,left
0.5452935094035603,0.44069302245375214,3.23333004941906,35.4283770511901,36,262,222,77
