Recall,PositiveRating,PerfRatio,Impact,top,right,bottom,left
0.579935198684988,0.49558786730582155,3.4439157462590404,37.47203986787896,36,262,222,77
