Recall,PositiveRating,PerfRatio,Impact,top,right,bottom,left
0.5946700054987921,0.5228219346878509,3.5928088199264567,39.56630930580595,36,262,222,77
