Recall,PositiveRating,PerfRatio,Impact,top,right,bottom,left
0.6616984237020793,0.5939291831387339,3.926419959053502,42.95617069551693,36,262,222,77
