Recall,PositiveRating,PerfRatio,Impact,top,right,bottom,left
0.5996530137928862,0.5584646425425449,3.790914765531895,41.53318862949732,19,266,242,43
