Recall,PositiveRating,PerfRatio,Impact,top,right,bottom,left
0.589467955656418,0.49740007341937514,3.340005615873177,36.880420952707496,36,262,222,77
