Recall,PositiveRating,PerfRatio,Impact,top,right,bottom,left
0.5542494477517579,0.5120165233361632,3.4927348496751676,37.97211671350915,19,266,242,43
