Recall,PositiveRating,PerfRatio,Impact,top,right,bottom,left
0.5192753769095577,0.4538965393700823,3.0904426921028407,34.34773605162347,36,262,222,77
