Recall,PositiveRating,PerfRatio,Impact,top,right,bottom,left
0.5167435180693019,0.49992210513061935,3.2320467757415106,35.7416647013554,36,262,222,77
