Recall,PositiveRating,PerfRatio,Impact,top,right,bottom,left
0.5699207098544086,0.5205426889750653,3.4216119677947283,37.6618209910865,36,262,222,77
