Recall,PositiveRating,PerfRatio,Impact,top,right,bottom,left
0.5634116188323544,0.48650863985943255,3.2369627902730174,36.14945664894937,36,262,222,77
