Recall,PositiveRating,PerfRatio,Impact,top,right,bottom,left
0.5150895803255868,0.46533079638058555,3.2107051684866774,35.62979864150955,19,291,242,68
