Recall,PositiveRating,PerfRatio,Impact,top,right,bottom,left
0.5626883998265914,0.5314875648151655,3.592569404850363,38.85067959007271,19,266,242,43
