Recall,PositiveRating,PerfRatio,Impact,top,right,bottom,left
0.56740846683907,0.5603167051351999,3.8148343118992805,41.39915243848285,19,266,242,43
