Recall,PositiveRating,PerfRatio,Impact,top,right,bottom,left
0.5491440141500138,0.5061373044994804,3.472025994830644,37.83275296548156,19,266,242,43
