Recall,PositiveRating,PerfRatio,Impact,top,right,bottom,left
0.609646722636392,0.554679922880639,3.645005796091407,39.995524756960876,19,266,242,43
