Recall,PositiveRating,PerfRatio,Impact,top,right,bottom,left
0.5775976570670618,0.5124607102602395,3.6294081751821996,39.179770056371524,19,266,242,43
