Recall,PositiveRating,PerfRatio,Impact,top,right,bottom,left
0.5258303341498023,0.514346231411911,3.548313244981087,38.937050391992145,36,262,222,77
