Recall,PositiveRating,PerfRatio,Impact,top,right,bottom,left
0.5362694528163883,0.45570536658683675,3.2148619847913644,35.67927317420292,36,262,222,77
