Recall,PositiveRating,PerfRatio,Impact,top,right,bottom,left
0.570936271852698,0.5148704581058551,3.628112441712247,39.8853491485848,19,266,242,43
