Recall,PositiveRating,PerfRatio,Impact,top,right,bottom,left
0.5409965280939867,0.5149121930037639,3.460559424466835,38.27908882680627,19,266,242,43
