Recall,PositiveRating,PerfRatio,Impact,top,right,bottom,left
0.5634051863934764,0.48801334498868504,3.373995229609839,36.85892709711425,36,262,222,77
