Recall,PositiveRating,PerfRatio,Impact,top,right,bottom,left
0.5655816000344435,0.48413216608311976,3.521171266428892,38.23323351926679,19,266,242,43
