Recall,PositiveRating,PerfRatio,Impact,top,right,bottom,left
0.5316597863191266,0.434789338767413,3.2156696849454294,34.925165600283165,36,262,222,77
