Recall,PositiveRating,PerfRatio,Impact,top,right,bottom,left
0.5101884849556602,0.4191610816231642,3.0445184902971345,33.74214757401619,19,266,242,43
