Recall,PositiveRating,PerfRatio,Impact,top,right,bottom,left
0.6068461925649467,0.5430920676515958,3.5317248258264993,39.15868454703044,19,266,242,43
