Recall,PositiveRating,PerfRatio,Impact,top,right,bottom,left
0.5752021070010473,0.5293613345817904,3.3871775521488106,37.60345917148152,19,266,242,43
