Recall,PositiveRating,PerfRatio,Impact,top,right,bottom,left
0.6019261229932078,0.5470916274639966,3.6054130989655184,40.0321181877062,36,262,222,77
