Recall,PositiveRating,PerfRatio,Impact,top,right,bottom,left
0.649509603751937,0.5097791432377611,3.6746317876139076,40.21116402890966,19,266,242,43
