Recall,PositiveRating,PerfRatio,Impact,top,right,bottom,left
0.5518279339762336,0.460498190650027,3.0271452029018677,34.379338789627305,36,262,222,77
