Recall,PositiveRating,PerfRatio,Impact,top,right,bottom,left
0.5588927294467951,0.5033580564287,3.2978808735893814,36.08987737616115,19,266,242,43
