Recall,PositiveRating,PerfRatio,Impact,top,right,bottom,left
0.5323849947842456,0.5008061552190265,3.1448911060783207,35.26507590728774,19,266,242,43
