Recall,PositiveRating,PerfRatio,Impact,top,right,bottom,left
0.5095092297098734,0.47415535400768843,2.9701513099198604,33.320541853303965,19,266,242,43
