Recall,PositiveRating,PerfRatio,Impact,top,right,bottom,left
0.5217264087526516,0.4944691369882655,3.3821880335933865,36.835756703375594,36,262,222,77
