Recall,PositiveRating,PerfRatio,Impact,top,right,bottom,left
0.5983907237796953,0.5826111268674848,3.739267731126511,41.09410218498408,36,262,222,77
