Recall,PositiveRating,PerfRatio,Impact,top,right,bottom,left
0.5663586315564025,0.5168521013421393,3.484387269997841,38.06553907494222,19,266,242,43
