Recall,PositiveRating,PerfRatio,Impact,top,right,bottom,left
0.576400121618382,0.5480935414694904,3.436020067305578,37.40833642718834,19,266,242,43
