Recall,PositiveRating,PerfRatio,Impact,top,right,bottom,left
0.5704705937989903,0.5108406276619312,3.3126718771367725,36.65372512533542,19,266,242,43
