Recall,PositiveRating,PerfRatio,Impact,top,right,bottom,left
0.5322138391373326,0.5209065856458408,3.542726633076821,38.80561412731843,19,266,242,43
