Recall,PositiveRating,PerfRatio,Impact,top,right,bottom,left
0.5763361293397753,0.4992601341055383,3.6417723447881354,39.47247959856427,36,262,222,77
