Recall,PositiveRating,PerfRatio,Impact,top,right,bottom,left
0.6129674563674068,0.5605664914204845,3.4536589602343177,37.61775993170972,19,266,242,43
