Recall,PositiveRating,PerfRatio,Impact,top,right,bottom,left
0.5163588412125488,0.5036450696249514,3.2940369363990034,36.65642414565776,36,262,222,77
