Recall,PositiveRating,PerfRatio,Impact,top,right,bottom,left
0.5310545112485736,0.4853631802238963,3.486145481046438,38.25496609284375,43,291,266,68
