Recall,PositiveRating,PerfRatio,Impact,top,right,bottom,left
0.6361174894743487,0.5476301592042706,3.7395823152358956,40.91725976740599,36,262,222,77
