Recall,PositiveRating,PerfRatio,Impact,top,right,bottom,left
0.5511278861529585,0.49832399473295413,3.5075621932879093,38.282596527083825,36,262,222,77
