Recall,PositiveRating,PerfRatio,Impact,top,right,bottom,left
0.6030553828019176,0.5126021943986877,3.611250895064388,39.46000277886343,36,262,222,77
