Recall,PositiveRating,PerfRatio,Impact,top,right,bottom,left
0.5335699882487996,0.4731433146338721,3.340656693358217,36.385963897153545,19,291,242,68
