Recall,PositiveRating,PerfRatio,Impact,top,right,bottom,left
0.5325976524188997,0.4390676273387384,3.244840339946948,35.41123200569362,36,262,222,77
