Recall,PositiveRating,PerfRatio,Impact,top,right,bottom,left
0.5614935335107554,0.5024743589975539,3.345016535953384,36.80262332265937,19,266,242,43
