Recall,PositiveRating,PerfRatio,Impact,top,right,bottom,left
0.5320098492098935,0.4584635015914645,3.2616118504581735,35.67824868285534,57,262,242,77
