Recall,PositiveRating,PerfRatio,Impact,top,right,bottom,left
0.48506218231687304,0.4601061206655482,6.959783255027418,42.51868538908479,36,262,222,77
