Recall,PositiveRating,PerfRatio,Impact,top,right,bottom,left
0.4278762108758819,0.40077395967262935,6.202769246392421,38.2416849952031,19,266,242,43
