Recall,PositiveRating,PerfRatio,Impact,top,right,bottom,left
0.4520169043449024,0.47716908888843707,6.85363613302859,42.35530939479744,19,291,242,68
