Recall,PositiveRating,PerfRatio,Impact,top,right,bottom,left
0.4532909994502675,0.4523655468766897,6.711562777326482,41.32976753536876,19,266,242,43
