Recall,PositiveRating,PerfRatio,Impact,top,right,bottom,left
0.4077132170293857,0.387062885121951,6.990028066856084,42.88995442112258,36,262,222,77
