Recall,PositiveRating,PerfRatio,Impact,top,right,bottom,left
0.42547084469289076,0.487045940144845,6.809660161640993,42.22169123126886,36,262,222,77
