Recall,PositiveRating,PerfRatio,Impact,top,right,bottom,left
0.4278989959287791,0.4456300096041042,7.2672531082585605,44.687356882104176,19,266,242,43
