Recall,PositiveRating,PerfRatio,Impact,top,right,bottom,left
0.4632434322261677,0.5319737674741504,7.392965254614936,45.712164422044005,43,291,266,68
