Recall,PositiveRating,PerfRatio,Impact,top,right,bottom,left
0.41588865209064285,0.4110837765269844,6.7086835274161745,41.26961608336033,36,262,222,77
