Recall,PositiveRating,PerfRatio,Impact,top,right,bottom,left
0.3974441860508502,0.40079993625892335,6.8136752850893405,41.83355357936942,19,266,242,43
