Recall,PositiveRating,PerfRatio,Impact,top,right,bottom,left
0.4420415963726435,0.5087798808047762,7.122561831397154,43.725525139671284,36,262,222,77
