Recall,PositiveRating,PerfRatio,Impact,top,right,bottom,left
0.4134450322056836,0.3607793201074112,6.042515050915111,37.32111674776645,19,266,242,43
