Recall,PositiveRating,PerfRatio,Impact,top,right,bottom,left
0.4499048622936209,0.4594094477657343,6.995324478354732,43.03944629381385,36,262,222,77
