Recall,PositiveRating,PerfRatio,Impact,top,right,bottom,left
0.40477324981829077,0.43576877094698424,7.125795517141543,43.68870707752132,36,262,222,77
