Recall,PositiveRating,PerfRatio,Impact,top,right,bottom,left
0.429872424124611,0.44387897576863794,6.828007747297522,41.89527629008988,36,262,222,77
