Recall,PositiveRating,PerfRatio,Impact,top,right,bottom,left
0.39421510451677444,0.40128941157776016,6.5393938452176705,40.02817276120175,36,262,222,77
