Recall,PositiveRating,PerfRatio,Impact,top,right,bottom,left
0.4409603975248306,0.5345278142032931,7.363531202196166,45.508457567783985,36,262,222,77
