Recall,PositiveRating,PerfRatio,Impact,top,right,bottom,left
0.4194922099132874,0.5102977935069265,7.38020948890322,45.82090312558056,19,266,242,43
