Recall,PositiveRating,PerfRatio,Impact,top,right,bottom,left
0.38911758292980614,0.3534975257941426,6.28426363790896,38.64147843487747,19,291,242,68
