Recall,PositiveRating,PerfRatio,Impact,top,right,bottom,left
0.36929709463741534,0.3885814227304327,6.668002457337369,40.97177330596682,19,266,242,43
