Recall,PositiveRating,PerfRatio,Impact,top,right,bottom,left
0.37624321721843956,0.41670427831485074,7.009015693802786,42.82745659339053,36,262,222,77
