Recall,PositiveRating,PerfRatio,Impact,top,right,bottom,left
0.4707523005353006,0.4189249530395807,6.396074802571373,38.952286632435616,36,262,222,77
