Recall,PositiveRating,PerfRatio,Impact,top,right,bottom,left
0.4109282940145591,0.4309087914503406,6.7415859328118515,41.6175753490149,36,262,222,77
