Recall,PositiveRating,PerfRatio,Impact,top,right,bottom,left
0.4022907907223605,0.4287191938236739,7.10045894587746,43.892988254135126,36,262,222,77
