Recall,PositiveRating,PerfRatio,Impact,top,right,bottom,left
0.46163668847470574,0.5096212954019371,7.423117834628425,45.66557774405647,19,266,242,43
