Recall,PositiveRating,PerfRatio,Impact,top,right,bottom,left
0.36741689795399124,0.34320785455310737,6.440784046480978,39.43572431378365,19,266,242,43
