Recall,PositiveRating,PerfRatio,Impact,top,right,bottom,left
0.4209651194612841,0.4667212350311572,7.099457956358919,43.85766725221617,36,262,222,77
