Recall,PositiveRating,PerfRatio,Impact,top,right,bottom,left
0.41518469560619065,0.4531622510290692,6.991844952081148,43.05919803229352,19,266,242,43
