Recall,PositiveRating,PerfRatio,Impact,top,right,bottom,left
0.46524316638438334,0.4349460717226517,7.1781830682451435,44.15361973876345,19,266,242,43
