Recall,PositiveRating,PerfRatio,Impact,top,right,bottom,left
0.39815119000836807,0.4293407494536459,7.1609226170394,43.99293060051027,36,262,222,77
