Recall,PositiveRating,PerfRatio,Impact,top,right,bottom,left
0.41954214464024453,0.5307614733825853,7.4957780506275675,46.51818828213362,36,262,222,77
