Recall,PositiveRating,PerfRatio,Impact,top,right,bottom,left
0.440259615344997,0.5353062899681097,7.521391364233921,45.90769142095867,36,262,222,77
