Recall,PositiveRating,PerfRatio,Impact,top,right,bottom,left
0.4266721550884941,0.5094165761384021,6.865900959175893,42.24649539178227,19,266,242,43
