Recall,PositiveRating,PerfRatio,Impact,top,right,bottom,left
0.4737636604357275,0.5145236424833808,7.169547568559879,44.37060822392203,36,262,222,77
