Recall,PositiveRating,PerfRatio,Impact,top,right,bottom,left
0.46693503877573195,0.4191984428527216,6.804271763589299,41.533770309075,36,262,222,77
