Recall,PositiveRating,PerfRatio,Impact,top,right,bottom,left
0.42436201783018257,0.5049380563205804,7.249623118873519,44.77706729282516,36,262,222,77
