Recall,PositiveRating,PerfRatio,Impact,top,right,bottom,left
0.39133599123329066,0.4701718625931863,6.951968474854935,42.82727561705192,19,266,242,43
