Recall,PositiveRating,PerfRatio,Impact,top,right,bottom,left
0.46342594167321305,0.5328277674243828,7.519606502126119,46.39465043411595,36,262,222,77
