Recall,PositiveRating,PerfRatio,Impact,top,right,bottom,left
0.4036451959374231,0.449228529028084,6.41917390756422,39.44322311309809,36,262,222,77
