Recall,PositiveRating,PerfRatio,Impact,top,right,bottom,left
0.3721773180549727,0.3943394835584063,6.6888030713836555,41.371739113735714,36,262,222,77
