Recall,PositiveRating,PerfRatio,Impact,top,right,bottom,left
0.45373215262412425,0.4763179390757067,7.2496148565036105,44.48076191912618,43,266,266,43
