Recall,PositiveRating,PerfRatio,Impact,top,right,bottom,left
0.4185133712284488,0.4618878339207882,6.69827558351447,41.182230174094585,36,262,222,77
