Recall,PositiveRating,PerfRatio,Impact,top,right,bottom,left
0.3942307024263265,0.4673453328625001,7.265146437508407,44.48036877338558,19,266,242,43
