Recall,PositiveRating,PerfRatio,Impact,top,right,bottom,left
0.3382166375261198,0.36528591144477174,6.401170547630629,39.404751968776985,36,262,222,77
