Recall,PositiveRating,PerfRatio,Impact,top,right,bottom,left
0.4438193110480425,0.5103157695003494,7.40666345373631,45.64318756027921,19,266,242,43
