Recall,PositiveRating,PerfRatio,Impact,top,right,bottom,left
0.4280329969735127,0.5372495281832609,7.299508589262107,45.28419834806045,19,266,242,43
