Recall,PositiveRating,PerfRatio,Impact,top,right,bottom,left
0.38335883152171835,0.4327769547000862,6.918837936496806,42.54187394079873,43,266,266,43
