Recall,PositiveRating,PerfRatio,Impact,top,right,bottom,left
0.38941880969241116,0.4546345001813213,6.632641008777637,40.96308309750509,19,266,242,43
