Recall,PositiveRating,PerfRatio,Impact,top,right,bottom,left
0.44220782142656334,0.4964115861248269,7.046875231632059,42.922411666587955,36,262,222,77
