Recall,PositiveRating,PerfRatio,Impact,top,right,bottom,left
0.3580102108013046,0.38173095130134294,6.665509208898849,40.87301645678638,19,291,242,68
