Recall,PositiveRating,PerfRatio,Impact,top,right,bottom,left
0.4247427308215086,0.4031157407566784,6.724033973950836,41.200648753479236,36,262,222,77
