Recall,PositiveRating,PerfRatio,Impact,top,right,bottom,left
0.4233598145116233,0.498688334886856,7.236407077446785,44.32748660691925,19,266,242,43
