Recall,PositiveRating,PerfRatio,Impact,top,right,bottom,left
0.3892605662061046,0.39724049252492394,6.803866626215178,41.64450068030927,19,266,242,43
