Recall,PositiveRating,PerfRatio,Impact,top,right,bottom,left
0.42630819713493195,0.4724281930887994,6.752868293740719,41.38098293631291,19,266,242,43
