Recall,PositiveRating,PerfRatio,Impact,top,right,bottom,left
0.394356525125623,0.4576464317609234,6.955848397296235,42.983006432831644,36,262,222,77
