Recall,PositiveRating,PerfRatio,Impact,top,right,bottom,left
0.4220145883261699,0.39920842193217665,6.1354222317617975,37.71557019625627,19,266,242,43
