Recall,PositiveRating,PerfRatio,Impact,top,right,bottom,left
0.43309222021887794,0.459618300593083,6.93500804478998,42.57445660057155,19,266,242,43
