Recall,PositiveRating,PerfRatio,Impact,top,right,bottom,left
0.4732992096655022,0.4520441488193046,6.940538989252412,42.52513738826957,36,262,222,77
