Recall,PositiveRating,PerfRatio,Impact,top,right,bottom,left
0.35254498458082184,0.3596636406257404,6.554057043677652,40.47043709638915,19,266,242,43
