Recall,PositiveRating,PerfRatio,Impact,top,right,bottom,left
0.467869681760685,0.5043433443328428,7.1893492432318595,44.2399926642294,57,262,242,77
