Recall,PositiveRating,PerfRatio,Impact,top,right,bottom,left
0.3935341304208414,0.3740400050241462,6.348486067209846,38.716751256040894,19,266,242,43
