Recall,PositiveRating,PerfRatio,Impact,top,right,bottom,left
0.4552954451363035,0.5896232899281574,7.287816974018289,44.82103085116255,36,262,222,77
