Recall,PositiveRating,PerfRatio,Impact,top,right,bottom,left
0.43369942313860965,0.43780669476050377,7.306893457954013,45.01290477863,36,262,222,77
