Recall,PositiveRating,PerfRatio,Impact,top,right,bottom,left
0.3509854639860198,0.4523656283615272,7.06311485782078,43.565159582144844,19,266,242,43
