Recall,PositiveRating,PerfRatio,Impact,top,right,bottom,left
0.44709289595885515,0.44020907836512496,6.8898636452767175,42.26135275374267,19,266,242,43
