Recall,PositiveRating,PerfRatio,Impact,top,right,bottom,left
0.37840430039630146,0.39410770929485933,6.837145554675958,41.95857199604988,43,291,266,68
