Recall,PositiveRating,PerfRatio,Impact,top,right,bottom,left
0.4045398186146738,0.46715906616833563,6.759143615574198,41.78525484027159,43,266,266,43
