Recall,PositiveRating,PerfRatio,Impact,top,right,bottom,left
0.38001303161031186,0.4065471039266954,6.541188138799335,40.50220175579356,36,262,222,77
