Recall,PositiveRating,PerfRatio,Impact,top,right,bottom,left
0.40346071528149485,0.4184452913701597,6.799990654357053,42.054125080793895,36,262,222,77
