Recall,PositiveRating,PerfRatio,Impact,top,right,bottom,left
0.4634633822488209,0.4189525679255875,6.965086186118025,42.70303420367479,36,262,222,77
