Recall,PositiveRating,PerfRatio,Impact,top,right,bottom,left
0.3859192878501776,0.5093058279557655,7.692958942216742,47.47555931985697,36,262,222,77
