Recall,PositiveRating,PerfRatio,Impact,top,right,bottom,left
0.3972133898643977,0.41885260039401945,6.862556003807198,42.13695942672569,19,291,242,68
