Recall,PositiveRating,PerfRatio,Impact,top,right,bottom,left
0.4551748480576028,0.3898766477931931,6.513977558140326,39.497358808110235,36,262,222,77
