Recall,PositiveRating,PerfRatio,Impact,top,right,bottom,left
0.44449725538936313,0.5273497445629421,7.26152921553248,44.781432908944666,19,266,242,43
