Recall,PositiveRating,PerfRatio,Impact,top,right,bottom,left
0.3935562613939745,0.3725412220333898,6.9331393338292715,42.76683846436248,36,262,222,77
