Recall,PositiveRating,PerfRatio,Impact,top,right,bottom,left
0.450943278206286,0.4564224399240943,7.180398288114603,44.358258854547984,36,262,222,77
