Recall,PositiveRating,PerfRatio,Impact,top,right,bottom,left
0.37654177310845716,0.38654366269876417,6.610979673371727,40.71716181008663,36,262,222,77
