Recall,PositiveRating,PerfRatio,Impact,top,right,bottom,left
0.44466959565648734,0.475119388634004,7.346203644559555,45.294734067414005,19,266,242,43
