Recall,PositiveRating,PerfRatio,Impact,top,right,bottom,left
0.4545506680374741,0.4367481599917927,6.538177865446139,40.37118487684388,36,262,222,77
