Recall,PositiveRating,PerfRatio,Impact,top,right,bottom,left
0.41474841866007817,0.47266746824978584,7.357053492633838,45.252328034929775,36,262,222,77
