Recall,PositiveRating,PerfRatio,Impact,top,right,bottom,left
0.360298684133011,0.4436195836961528,7.02145725762599,43.2339788321614,36,262,222,77
