Recall,PositiveRating,PerfRatio,Impact,top,right,bottom,left
0.4267509207486606,0.49613409706416484,7.380807489339399,45.452519017953456,19,266,242,43
