Recall,PositiveRating,PerfRatio,Impact,top,right,bottom,left
0.41567454406298243,0.49504687956950416,6.937003568561357,42.48311167211929,19,266,242,43
