Recall,PositiveRating,PerfRatio,Impact,top,right,bottom,left
0.4235000926058968,0.4237804199193372,6.81894053128538,42.010921130020776,19,266,242,43
