Recall,PositiveRating,PerfRatio,Impact,top,right,bottom,left
0.4848658031599139,0.4964996770296816,7.172071310627258,44.13873314135184,36,262,222,77
