Recall,PositiveRating,PerfRatio,Impact,top,right,bottom,left
0.4289748655198964,0.40421296961110315,6.225491661005691,38.023730571857094,36,262,222,77
