Recall,PositiveRating,PerfRatio,Impact,top,right,bottom,left
0.3760364475058582,0.37140869422161993,6.607566711592601,40.729534543831704,36,262,222,77
