Recall,PositiveRating,PerfRatio,Impact,top,right,bottom,left
0.41426858362057084,0.4737036454011461,6.614735046865154,40.845963413770825,19,266,242,43
