Recall,PositiveRating,PerfRatio,Impact,top,right,bottom,left
0.43019585609554667,0.446035131770747,6.524632459433232,40.09898493565261,36,262,222,77
