Recall,PositiveRating,PerfRatio,Impact,top,right,bottom,left
0.3920404676079967,0.4446887782201305,6.834049202705394,42.16821225331147,36,262,222,77
