Recall,PositiveRating,PerfRatio,Impact,top,right,bottom,left
0.3964013305136197,0.3583254370712773,6.359799703385287,39.14457013104474,19,266,242,43
