Recall,PositiveRating,PerfRatio,Impact,top,right,bottom,left
0.36625020684241816,0.38315717373188113,6.503831351191381,40.03027183068514,19,266,242,43
