Recall,PositiveRating,PerfRatio,Impact,top,right,bottom,left
0.4236680870099554,0.5202658529671035,6.9953143927603545,43.17555896878109,19,291,242,68
