Recall,PositiveRating,PerfRatio,Impact,top,right,bottom,left
0.4196372964568902,0.4789939470698626,7.486032875943656,46.23070388757941,19,266,242,43
