Recall,PositiveRating,PerfRatio,Impact,top,right,bottom,left
0.41882951899455134,0.4330108788983668,6.670400224316204,40.743337124789676,19,291,242,68
