Recall,PositiveRating,PerfRatio,Impact,top,right,bottom,left
0.40387006734630637,0.465948722054876,6.985554160548553,43.24315959098992,19,266,242,43
