Recall,PositiveRating,PerfRatio,Impact,top,right,bottom,left
0.4963753143705737,0.5141047863061936,7.413895232007795,45.8193542369651,36,262,222,77
