Recall,PositiveRating,PerfRatio,Impact,top,right,bottom,left
0.38997848939831814,0.4414160181093069,6.950356221623323,43.13654801273052,19,266,242,43
