Recall,PositiveRating,PerfRatio,Impact,top,right,bottom,left
0.45935875619037225,0.4210659290445547,6.622492627566277,40.52527355293307,36,262,222,77
