Recall,PositiveRating,PerfRatio,Impact,top,right,bottom,left
0.4269421286720084,0.41625869155585166,7.0320141698342455,43.333678399958494,19,266,242,43
