Recall,PositiveRating,PerfRatio,Impact,top,right,bottom,left
0.40973956800077627,0.346242062948793,6.246455052558748,37.92208466542421,36,262,222,77
