Recall,PositiveRating,PerfRatio,Impact,top,right,bottom,left
0.43554732431207943,0.4688011714723193,7.10558666293972,43.75760808275396,36,262,222,77
