Recall,PositiveRating,PerfRatio,Impact,top,right,bottom,left
0.4161564067446959,0.520079975597274,7.463788030794134,45.90349495951323,19,266,242,43
