Recall,PositiveRating,PerfRatio,Impact,top,right,bottom,left
0.3802069119506899,0.37668705894140336,6.783807108987614,41.25498458583103,19,266,242,43
