Recall,PositiveRating,PerfRatio,Impact,top,right,bottom,left
0.42852109658670223,0.46582889934405297,6.789177888449414,41.513336133320315,36,262,222,77
