Recall,PositiveRating,PerfRatio,Impact,top,right,bottom,left
0.4389442136776196,0.4708344074653453,7.022795166548521,43.36348688448388,19,266,242,43
