Recall,PositiveRating,PerfRatio,Impact,top,right,bottom,left
0.38255332708272427,0.3911237169123607,6.819252871652239,42.19790805563212,36,262,222,77
