Recall,PositiveRating,PerfRatio,Impact,top,right,bottom,left
0.4498428165668197,0.49093349912028056,6.872922170762985,42.36694432746204,36,262,222,77
