Recall,PositiveRating,PerfRatio,Impact,top,right,bottom,left
0.43593032386530206,0.438492576969904,7.002518268982151,42.75093593893512,19,266,242,43
