Recall,PositiveRating,PerfRatio,Impact,top,right,bottom,left
0.4374091970347729,0.4712488322132034,7.212209379532922,44.339342573987686,36,262,222,77
