Recall,PositiveRating,PerfRatio,Impact,top,right,bottom,left
0.38246479572310066,0.4671055898485051,7.29579854145789,44.76324786015505,19,266,242,43
