Recall,PositiveRating,PerfRatio,Impact,top,right,bottom,left
0.4606630975662793,0.496703640105507,7.100659184932777,43.57029324831414,36,262,222,77
