Recall,PositiveRating,PerfRatio,Impact,top,right,bottom,left
0.3757327519315371,0.40177933665272975,6.841978675584631,42.1608488794588,36,262,222,77
