Recall,PositiveRating,PerfRatio,Impact,top,right,bottom,left
0.41830358151989955,0.415349558370161,6.8018493165571625,42.224633698492525,36,262,222,77
