Recall,PositiveRating,PerfRatio,Impact,top,right,bottom,left
0.35853803042870425,0.3816931565363802,6.77869635095189,41.961236582075415,36,262,222,77
