Recall,PositiveRating,PerfRatio,Impact,top,right,bottom,left
0.44120089968363707,0.511651749056796,7.061401391700773,43.159324861135474,36,262,222,77
