Recall,PositiveRating,PerfRatio,Impact,top,right,bottom,left
0.45436659727538764,0.43824299132804906,6.746355872991529,41.14724665283683,19,266,242,43
