Recall,PositiveRating,PerfRatio,Impact,top,right,bottom,left
0.35750383747966685,0.3878067799680375,6.883043786149442,42.46813062666005,19,266,242,43
