Recall,PositiveRating,PerfRatio,Impact,top,right,bottom,left
0.4230600397144523,0.38771416259965585,6.820490322267728,41.845376491274735,19,266,242,43
