Recall,PositiveRating,PerfRatio,Impact,top,right,bottom,left
0.3905003415856143,0.41869913430503686,6.878462993429114,42.449965404314334,36,262,222,77
