Recall,PositiveRating,PerfRatio,Impact,top,right,bottom,left
0.41891022134713796,0.4462190504759747,6.94701230610997,42.90694677315614,36,262,222,77
