Recall,PositiveRating,PerfRatio,Impact,top,right,bottom,left
0.40619572598404485,0.48747867491370817,7.432540428107862,45.50175176500583,19,266,242,43
