Recall,PositiveRating,PerfRatio,Impact,top,right,bottom,left
0.39081030776624626,0.37734311524853237,6.804490425448883,41.656663518071575,36,262,222,77
