Recall,PositiveRating,PerfRatio,Impact,top,right,bottom,left
0.4364296118573542,0.41403920094306174,6.577280932347585,40.23889069378496,19,266,242,43
