Recall,PositiveRating,PerfRatio,Impact,top,right,bottom,left
0.3881014516603942,0.425486281656038,6.849809100778215,42.02528709686867,36,262,222,77
