Recall,PositiveRating,PerfRatio,Impact,top,right,bottom,left
0.41969625963879376,0.5221681690411567,7.084498816115933,43.682321019080646,36,262,222,77
