Recall,PositiveRating,PerfRatio,Impact,top,right,bottom,left
0.367307258523483,0.42625018342000837,6.7217268273782,41.53065597734134,36,262,222,77
