Recall,PositiveRating,PerfRatio,Impact,top,right,bottom,left
0.41470069134199994,0.4784972576715932,6.949814708738538,42.84201359138044,19,266,242,43
