Recall,PositiveRating,PerfRatio,Impact,top,right,bottom,left
0.35449170430136534,0.4089705733195032,6.1694187463988355,37.77487804883947,43,266,266,43
