Recall,PositiveRating,PerfRatio,Impact,top,right,bottom,left
0.4819340900441941,0.5012067950842859,6.958115711729957,42.8306265163249,36,262,222,77
