Recall,PositiveRating,PerfRatio,Impact,top,right,bottom,left
0.4272640017470333,0.39375057928578955,6.972147305521451,43.33378066421031,19,266,242,43
