Recall,PositiveRating,PerfRatio,Impact,top,right,bottom,left
0.4415613380973108,0.42453928202501207,7.164569615485438,43.943251330718596,36,262,222,77
