Recall,PositiveRating,PerfRatio,Impact,top,right,bottom,left
0.3657305278669668,0.4282764086796001,6.383920119704868,39.49967436523157,19,266,242,43
