Recall,PositiveRating,PerfRatio,Impact,top,right,bottom,left
0.40865730024552827,0.4347742706301277,6.885282725018016,42.26294127396192,19,266,242,43
