Recall,PositiveRating,PerfRatio,Impact,top,right,bottom,left
0.40989178155443085,0.37862274886019287,6.993523693860146,42.98109511635429,36,262,222,77
