Recall,PositiveRating,PerfRatio,Impact,top,right,bottom,left
0.34002600045543374,0.32942977066644086,6.389514487676077,39.378541919585565,19,266,242,43
