Recall,PositiveRating,PerfRatio,Impact,top,right,bottom,left
0.4384067364102038,0.5141986473488364,7.460661337227942,45.837795132195644,19,266,242,43
