Recall,PositiveRating,PerfRatio,Impact,top,right,bottom,left
0.43112354528642627,0.38027236892199,6.530790224502986,40.121816654125105,19,266,242,43
