Recall,PositiveRating,PerfRatio,Impact,top,right,bottom,left
0.4755923837709909,0.511322247757877,7.617048830735564,47.00956990036789,19,266,242,43
