Recall,PositiveRating,PerfRatio,Impact,top,right,bottom,left
0.4362736469395616,0.4722939229426804,6.854752387195379,42.293326241893716,43,291,266,68
