Recall,PositiveRating,PerfRatio,Impact,top,right,bottom,left
0.3621042829317914,0.3811839652451886,6.387256444965093,38.9400112341473,19,266,242,43
