Recall,PositiveRating,PerfRatio,Impact,top,right,bottom,left
0.37083118394881853,0.42871821025570683,6.998228694068,42.96457021676599,36,262,222,77
