Recall,PositiveRating,PerfRatio,Impact,top,right,bottom,left
0.3960859004864393,0.38789816377520503,6.36897152098581,39.1414449353336,19,266,242,43
