Recall,PositiveRating,PerfRatio,Impact,top,right,bottom,left
0.43217429806813445,0.4722346473895072,6.752164884729776,41.67893803829848,36,262,222,77
