Recall,PositiveRating,PerfRatio,Impact,top,right,bottom,left
0.4100152269864634,0.44070731741817865,7.151603532577825,44.31094827433115,68,211,175,103
