Recall,PositiveRating,PerfRatio,Impact,top,right,bottom,left
0.41193952619844143,0.44368874601734226,6.8210139565418775,41.97756092536005,19,266,242,43
