Recall,PositiveRating,PerfRatio,Impact,top,right,bottom,left
0.40686454267834105,0.4374124544467462,7.348513559685459,45.42158312967995,36,262,222,77
