Recall,PositiveRating,PerfRatio,Impact,top,right,bottom,left
0.3604010793258665,0.3381665081009653,6.044788618832228,36.96478553301429,19,266,242,43
