Recall,PositiveRating,PerfRatio,Impact,top,right,bottom,left
0.3858508155192094,0.45252382232542926,7.06228928687398,43.2852072499203,36,262,222,77
