Recall,PositiveRating,PerfRatio,Impact,top,right,bottom,left
0.46756484739548454,0.4285913620275476,6.738124427390168,41.33687415110886,36,262,222,77
