Recall,PositiveRating,PerfRatio,Impact,top,right,bottom,left
0.41460720002484797,0.47107915719006127,7.043735096759055,43.328559931547375,19,266,242,43
