Recall,PositiveRating,PerfRatio,Impact,top,right,bottom,left
0.4758203297417314,0.4492425731809751,6.935905308235862,42.73862828979594,36,262,222,77
