Recall,PositiveRating,PerfRatio,Impact,top,right,bottom,left
0.3904384760824984,0.44567004933405713,6.952928186017569,42.957486946406604,36,262,222,77
