Recall,PositiveRating,PerfRatio,Impact,top,right,bottom,left
0.437697570286253,0.5143084538686463,7.468052446393184,45.907222222483306,43,266,266,43
