Recall,PositiveRating,PerfRatio,Impact,top,right,bottom,left
0.3799708501170097,0.4548837541103537,6.930293102536259,42.63786275312263,36,262,222,77
