Recall,PositiveRating,PerfRatio,Impact,top,right,bottom,left
0.4461265654831055,0.4285630896156268,6.962842321314478,43.06168519554713,36,262,222,77
