Recall,PositiveRating,PerfRatio,Impact,top,right,bottom,left
0.42526515023088085,0.4263389921797048,7.0798029521418435,43.53998088517326,19,266,242,43
