Recall,PositiveRating,PerfRatio,Impact,top,right,bottom,left
0.3887917072954762,0.4252968514728291,6.488239082351742,40.15245686386289,36,262,222,77
