Recall,PositiveRating,PerfRatio,Impact,top,right,bottom,left
0.4446473338503718,0.43827562501298883,6.7302909628802645,41.391719675461275,36,262,222,77
