Recall,PositiveRating,PerfRatio,Impact,top,right,bottom,left
0.3932959441670931,0.4440605372180105,7.016904720022697,42.932372266476094,19,266,242,43
