Recall,PositiveRating,PerfRatio,Impact,top,right,bottom,left
0.43575147419449234,0.47654203951846213,7.166892644415239,43.98891970415684,36,262,222,77
