Recall,PositiveRating,PerfRatio,Impact,top,right,bottom,left
0.37737624247945745,0.3702193379572261,6.400021239106306,39.29528009644843,19,266,242,43
