Recall,PositiveRating,PerfRatio,Impact,top,right,bottom,left
0.41339023956097076,0.42286336553136744,6.774856671362199,41.706248675361024,19,266,242,43
