Recall,PositiveRating,PerfRatio,Impact,top,right,bottom,left
0.3811299025444773,0.4461993134776879,6.907788542369978,42.41848205106321,36,262,222,77
