Recall,PositiveRating,PerfRatio,Impact,top,right,bottom,left
0.35738543519239374,0.3652403674710885,6.471207463310796,40.001747247650016,36,262,222,77
