Recall,PositiveRating,PerfRatio,Impact,top,right,bottom,left
0.39578486016512504,0.4122853703792784,6.77658832880887,41.82097680139825,19,266,242,43
