Recall,PositiveRating,PerfRatio,Impact,top,right,bottom,left
0.36055022964171335,0.32008499682672387,6.5785323996300935,40.42207374346742,19,266,242,43
