Recall,PositiveRating,PerfRatio,Impact,top,right,bottom,left
0.3959036952718187,0.38022381736458877,6.508121764734076,40.09248323043628,19,266,242,43
