Recall,PositiveRating,PerfRatio,Impact,top,right,bottom,left
0.4265638739120653,0.4875252256968636,7.46839008083201,46.18600268074171,19,266,242,43
