Recall,PositiveRating,PerfRatio,Impact,top,right,bottom,left
0.4807231341961896,0.4636124528000572,7.130403645598188,44.053124171315126,36,262,222,77
