Recall,PositiveRating,PerfRatio,Impact,top,right,bottom,left
0.45709224034020624,0.4637100352949595,6.835523321184081,42.052304764961804,36,262,222,77
