Recall,PositiveRating,PerfRatio,Impact,top,right,bottom,left
0.4332546060693484,0.42451495732165706,6.945230532161168,42.74996956651175,36,262,222,77
