Recall,PositiveRating,PerfRatio,Impact,top,right,bottom,left
0.3696335555375263,0.4282666596987919,6.907976228854815,42.41162825352006,36,262,222,77
