Recall,PositiveRating,PerfRatio,Impact,top,right,bottom,left
0.4703132206544822,0.5579788261832014,7.2815228766939155,45.091546218814074,19,266,242,43
