Recall,PositiveRating,PerfRatio,Impact,top,right,bottom,left
0.4026074944027883,0.504098646270355,6.728278821061776,41.66413173204232,19,266,242,43
