Recall,PositiveRating,PerfRatio,Impact,top,right,bottom,left
0.417758450433692,0.36338678801390145,6.686503679910839,41.184854159829534,19,266,242,43
