Recall,PositiveRating,PerfRatio,Impact,top,right,bottom,left
0.3827816890337321,0.49766794773648787,7.015396843080169,43.18706442842245,36,262,222,77
