Recall,PositiveRating,PerfRatio,Impact,top,right,bottom,left
0.41217425867648483,0.44686089079160035,6.820095669450394,41.86864073557333,19,266,242,43
