Recall,PositiveRating,PerfRatio,Impact,top,right,bottom,left
0.47071354606597104,0.4188042945485924,6.919916764741665,41.9681372830765,19,266,242,43
