Recall,PositiveRating,PerfRatio,Impact,top,right,bottom,left
0.42335011663495214,0.5034785541520018,7.313024554623347,44.98446619288757,36,262,222,77
