Recall,PositiveRating,PerfRatio,Impact,top,right,bottom,left
0.4274149528408042,0.4661902429067483,7.020812660114763,43.282940628410806,19,266,242,43
