Recall,PositiveRating,PerfRatio,Impact,top,right,bottom,left
0.45033727410405444,0.3892324454392454,6.488689058297579,39.47559189602621,36,262,222,77
