Recall,PositiveRating,PerfRatio,Impact,top,right,bottom,left
0.5082650021243164,0.5474767579840637,7.696360116320257,47.32221692753491,36,262,222,77
