Recall,PositiveRating,PerfRatio,Impact,top,right,bottom,left
0.41775649278602933,0.45204234153934736,7.198526641223613,44.040584678454856,36,262,222,77
