Recall,PositiveRating,PerfRatio,Impact,top,right,bottom,left
0.3886173571222945,0.46016512673061144,7.315368524132048,45.190587097487786,36,262,222,77
