Recall,PositiveRating,PerfRatio,Impact,top,right,bottom,left
0.46505137860527757,0.43638249759188114,6.7750547947975,41.74930758456876,36,262,222,77
