Recall,PositiveRating,PerfRatio,Impact,top,right,bottom,left
0.48647538320887984,0.4607008061872329,6.907275006081488,42.50722962403064,36,262,222,77
