Recall,PositiveRating,PerfRatio,Impact,top,right,bottom,left
0.46782607034006474,0.4909055621498078,7.591938048129322,47.165622145817984,19,266,242,43
