Recall,PositiveRating,PerfRatio,Impact,top,right,bottom,left
0.4260039287466608,0.4936328525724328,7.40533724217436,45.66655873721631,19,266,242,43
