Recall,PositiveRating,PerfRatio,Impact,top,right,bottom,left
0.41486574249523644,0.43897114205029714,7.112833970686484,43.846570617038445,36,262,222,77
