Recall,PositiveRating,PerfRatio,Impact,top,right,bottom,left
0.418989173513565,0.4430996005974504,7.089127615036522,43.639063060576746,36,262,222,77
