Recall,PositiveRating,PerfRatio,Impact,top,right,bottom,left
0.4205859617045231,0.4003233286057211,6.599097824538974,40.75789483289614,36,262,222,77
