Recall,PositiveRating,PerfRatio,Impact,top,right,bottom,left
0.455810688643176,0.43383953690964666,6.990207947917001,42.73601728771579,36,262,222,77
