Recall,PositiveRating,PerfRatio,Impact,top,right,bottom,left
0.4295999428258398,0.4207906757637854,6.874126010624007,41.83714743620265,43,291,266,68
