Recall,PositiveRating,PerfRatio,Impact,top,right,bottom,left
0.4151083286151781,0.4871009088262311,6.911935122205871,42.31422588442201,19,266,242,43
