Recall,PositiveRating,PerfRatio,Impact,top,right,bottom,left
0.4110140049366874,0.47436833851597743,7.178701872163659,44.17782222064454,19,266,242,43
