Recall,PositiveRating,PerfRatio,Impact,top,right,bottom,left
0.3947989647949951,0.4387307373681269,6.738023381398745,41.3319857924955,36,262,222,77
