Recall,PositiveRating,PerfRatio,Impact,top,right,bottom,left
0.3906122501629483,0.4560502550963124,6.870142863586494,42.533967479704565,19,266,242,43
