Recall,PositiveRating,PerfRatio,Impact,top,right,bottom,left
0.36032952599757595,0.427956019441786,6.79537871318108,41.99532968456435,19,266,242,43
