Recall,PositiveRating,PerfRatio,Impact,top,right,bottom,left
0.39803543351883774,0.43725136213392474,6.703991925979074,41.54014424212286,19,266,242,43
