Recall,PositiveRating,PerfRatio,Impact,top,right,bottom,left
0.41152332093268607,0.4822661316422803,7.47888244347055,45.92217137555555,19,266,242,43
