Recall,PositiveRating,PerfRatio,Impact,top,right,bottom,left
0.38884287789578464,0.4781495304699876,7.098168740768218,43.84566735167321,19,266,242,43
