Recall,PositiveRating,PerfRatio,Impact,top,right,bottom,left
0.4181841859588399,0.42592834863534584,6.93501392646286,42.80936580877363,19,266,242,43
