Recall,PositiveRating,PerfRatio,Impact,top,right,bottom,left
0.4262304139064542,0.45503266116930213,6.848596914590076,42.250081062303316,19,266,242,43
