Recall,PositiveRating,PerfRatio,Impact,top,right,bottom,left
0.37750604852449376,0.4099714970860782,6.855238339811228,42.215628470497926,19,266,242,43
