Recall,PositiveRating,PerfRatio,Impact,top,right,bottom,left
0.4451541154055977,0.46064248667467783,6.935681436605609,42.65696768285514,19,266,242,43
