Recall,PositiveRating,PerfRatio,Impact,top,right,bottom,left
0.4384489085862383,0.5101875761055162,7.2045180479215105,44.60999648315956,19,266,242,43
