Recall,PositiveRating,PerfRatio,Impact,top,right,bottom,left
0.42698199993057584,0.4241256992970475,7.043953282021443,43.33082584880494,19,266,242,43
