Recall,PositiveRating,PerfRatio,Impact,top,right,bottom,left
0.3993936212383421,0.3838746692306618,6.578151082028716,40.399153562981155,19,266,242,43
