Recall,PositiveRating,PerfRatio,Impact,top,right,bottom,left
0.4132859249085611,0.44300750003930517,6.884924721984493,42.50659288095144,19,266,242,43
