Recall,PositiveRating,PerfRatio,Impact,top,right,bottom,left
0.4009000518816844,0.38042503035622877,6.904203440183461,42.58186193751522,19,291,242,68
