Recall,PositiveRating,PerfRatio,Impact,top,right,bottom,left
0.39253892215000685,0.4099716734949081,6.6439616613364025,40.698267751557616,43,266,266,43
