Recall,PositiveRating,PerfRatio,Impact,top,right,bottom,left
0.3993661292417028,0.4072004870620323,6.904200867133654,42.613972659851,36,262,222,77
