Recall,PositiveRating,PerfRatio,Impact,top,right,bottom,left
0.4554674624774029,0.48499466608247516,7.250420277469231,44.72218843774739,36,262,222,77
