Recall,PositiveRating,PerfRatio,Impact,top,right,bottom,left
0.4622554753409588,0.5115164006892426,7.0016296370737425,43.004049300420455,36,262,222,77
