Recall,PositiveRating,PerfRatio,Impact,top,right,bottom,left
0.4069313789961929,0.39691872808180495,6.615931387536113,40.63745367145069,36,262,222,77
