Recall,PositiveRating,PerfRatio,Impact,top,right,bottom,left
0.37743440962810404,0.3866349130526913,6.679977624358011,41.26425828583985,36,262,222,77
