Recall,PositiveRating,PerfRatio,Impact,top,right,bottom,left
0.4200368151772301,0.38023420095360994,6.43225874777869,39.33629638969947,19,266,242,43
