Recall,PositiveRating,PerfRatio,Impact,top,right,bottom,left
0.40145548750066384,0.4283719013391994,7.029755601945211,42.96305522497567,36,262,222,77
