Recall,PositiveRating,PerfRatio,Impact,top,right,bottom,left
0.401299445865401,0.3750655194585108,6.220617287835337,38.28782807960894,19,266,242,43
