Recall,PositiveRating,PerfRatio,Impact,top,right,bottom,left
0.41617641914681214,0.4238734133048659,6.898429553679365,42.12101489271367,36,262,222,77
