Recall,PositiveRating,PerfRatio,Impact,top,right,bottom,left
0.4418713389879677,0.49920147670822074,7.121495626330229,43.75314844550102,36,262,222,77
