Recall,PositiveRating,PerfRatio,Impact,top,right,bottom,left
0.4259216858389199,0.46150406301179886,7.166170735228984,44.286747622050456,36,262,222,77
