Recall,PositiveRating,PerfRatio,Impact,top,right,bottom,left
0.4199720866925848,0.4574705812202496,6.8529784361971835,42.250096798103684,36,262,222,77
