Recall,PositiveRating,PerfRatio,Impact,top,right,bottom,left
0.4169783559648159,0.4873850114947847,7.298986229247524,45.17193958644553,19,266,242,43
