Recall,PositiveRating,PerfRatio,Impact,top,right,bottom,left
0.44287782626147265,0.47468683077640833,6.77514966533607,41.20450984919231,36,262,222,77
