Recall,PositiveRating,PerfRatio,Impact,top,right,bottom,left
0.4843685999688382,0.5001925522832421,7.492731762899269,46.05405981910038,36,262,222,77
