Recall,PositiveRating,PerfRatio,Impact,top,right,bottom,left
0.37177449725475364,0.41968150690999645,6.565790912465092,40.598612320541065,19,266,242,43
