Recall,PositiveRating,PerfRatio,Impact,top,right,bottom,left
0.36039553659578805,0.4571529092831084,6.720841370761953,41.25185874941064,36,262,222,77
