Recall,PositiveRating,PerfRatio,Impact,top,right,bottom,left
0.40455581929229734,0.4863244470118638,7.254643353119452,44.52410164229015,43,291,266,68
