Recall,PositiveRating,PerfRatio,Impact,top,right,bottom,left
0.39132715481094327,0.4197275502545828,6.770785400416029,41.59341450751392,36,262,222,77
