Recall,PositiveRating,PerfRatio,Impact,top,right,bottom,left
0.4299194495134361,0.5029917128780957,7.362819043855285,45.32543361398376,36,262,222,77
