Recall,PositiveRating,PerfRatio,Impact,top,right,bottom,left
0.4345446198965548,0.47350131884859686,6.659941910855438,40.85705784096337,36,262,222,77
