Recall,PositiveRating,PerfRatio,Impact,top,right,bottom,left
0.37090041906433313,0.41209420356581844,6.566038954139138,40.258242700462326,19,266,242,43
