Recall,PositiveRating,PerfRatio,Impact,top,right,bottom,left
0.5034683827567134,0.44975580170400026,7.1327533504790175,43.880444946763,19,266,242,43
