Recall,PositiveRating,PerfRatio,Impact,top,right,bottom,left
0.4484283230150451,0.4684194276677746,6.89762756208663,42.310198979762056,36,262,222,77
