Recall,PositiveRating,PerfRatio,Impact,top,right,bottom,left
0.4081397136707593,0.31657652143243475,6.042951472891202,36.550951788238365,19,266,242,43
