Recall,PositiveRating,PerfRatio,Impact,top,right,bottom,left
0.4554060347332991,0.5181144118268198,7.265209812391438,44.77924444679672,19,266,242,43
