Recall,PositiveRating,PerfRatio,Impact,top,right,bottom,left
0.3915036694391043,0.43589884313061106,6.730326464567103,41.33042161000086,36,262,222,77
