Recall,PositiveRating,PerfRatio,Impact,top,right,bottom,left
0.4106353844254077,0.36200888968071027,6.232343060816908,37.91026590444533,36,262,222,77
