Recall,PositiveRating,PerfRatio,Impact,top,right,bottom,left
0.39905748289187026,0.45057270019758916,6.881661963969283,42.494870813228275,36,262,222,77
