Recall,PositiveRating,PerfRatio,Impact,top,right,bottom,left
0.40698449861917485,0.4282390096718876,6.82539027640659,42.064484279854575,19,266,242,43
