Recall,PositiveRating,PerfRatio,Impact,top,right,bottom,left
0.43953711756678304,0.4685268889978354,7.264939646440201,44.63315981765273,36,262,222,77
