Recall,PositiveRating,PerfRatio,Impact,top,right,bottom,left
0.438400532624578,0.4359972652039375,6.764034175648235,41.41036953696129,36,262,222,77
