Recall,PositiveRating,PerfRatio,Impact,top,right,bottom,left
0.42077580369542344,0.46588459829834156,7.051046012645296,43.34410719822955,36,262,222,77
