Recall,PositiveRating,PerfRatio,Impact,top,right,bottom,left
0.35989508996838326,0.45420788651299243,7.092162718408439,43.74172838710421,19,266,242,43
