Recall,PositiveRating,PerfRatio,Impact,top,right,bottom,left
0.4182373509603359,0.5274240073806923,7.402619518636902,45.74528346934183,36,262,222,77
