Recall,PositiveRating,PerfRatio,Impact,top,right,bottom,left
0.4811390278894975,0.5123447511489846,7.401501307266479,45.19082929174074,19,266,242,43
