Recall,PositiveRating,PerfRatio,Impact,top,right,bottom,left
0.4392553357084378,0.43876550483134774,6.637152510772771,40.737625008118776,36,262,222,77
