Recall,PositiveRating,PerfRatio,Impact,top,right,bottom,left
0.4309546228652169,0.3676140334909362,6.549536901597891,39.45423280061555,57,262,242,77
