Recall,PositiveRating,PerfRatio,Impact,top,right,bottom,left
0.3617767877392578,0.3872992614017778,6.469326842464197,39.92883445350878,19,266,242,43
