Recall,PositiveRating,PerfRatio,Impact,top,right,bottom,left
0.42176294693697725,0.5081540327440612,7.255439564275701,44.91986460333133,36,262,222,77
