Recall,PositiveRating,PerfRatio,Impact,top,right,bottom,left
0.4322079556941726,0.40973917677999544,6.6342770003499005,40.606200607655396,36,262,222,77
