Recall,PositiveRating,PerfRatio,Impact,top,right,bottom,left
0.38469007947622,0.39856224348534713,6.301580583347474,38.501636522021776,43,266,266,43
