Recall,PositiveRating,PerfRatio,Impact,top,right,bottom,left
0.4229260860805538,0.40670635120676296,6.497674749071048,39.67084996630651,19,266,242,43
