Recall,PositiveRating,PerfRatio,Impact,top,right,bottom,left
0.40217908440315153,0.44143040438454656,6.819696031479041,41.959657768190844,36,262,222,77
