Recall,PositiveRating,PerfRatio,Impact,top,right,bottom,left
0.43123989903013715,0.42799919131432634,6.57857946965561,40.23186211077531,36,262,222,77
