Recall,PositiveRating,PerfRatio,Impact,top,right,bottom,left
0.4230608281712859,0.44618963463805833,6.900724528141483,42.51085652425364,19,266,242,43
