Recall,PositiveRating,PerfRatio,Impact,top,right,bottom,left
0.4596915773174953,0.44423796013549494,7.034305490636628,43.43492466537949,36,262,222,77
