Recall,PositiveRating,PerfRatio,Impact,top,right,bottom,left
0.37760998149010716,0.31881752845571676,5.842842386622668,35.60058872908001,36,262,222,77
