Recall,PositiveRating,PerfRatio,Impact,top,right,bottom,left
0.39059137614204154,0.41980090629568184,6.935589756845219,42.40026470573419,36,262,222,77
