Recall,PositiveRating,PerfRatio,Impact,top,right,bottom,left
0.4180419920444681,0.3995098815137406,6.347818491806117,39.12027778932389,36,262,222,77
