Recall,PositiveRating,PerfRatio,Impact,top,right,bottom,left
0.4858990086917514,0.53890736823331,7.4683002438922115,46.21341045280863,36,262,222,77
