Recall,PositiveRating,PerfRatio,Impact,top,right,bottom,left
0.437528324951343,0.4170649620583103,6.631642759851492,40.48827255661454,36,262,222,77
