Recall,PositiveRating,PerfRatio,Impact,top,right,bottom,left
0.4146859958440635,0.4010237710648788,6.5511201711610765,40.21679238163364,36,262,222,77
