Recall,PositiveRating,PerfRatio,Impact,top,right,bottom,left
0.4183201462447793,0.4603333294171455,7.481188192443578,46.01837670033167,36,262,222,77
