Recall,PositiveRating,PerfRatio,Impact,top,right,bottom,left
0.407659803100752,0.38337930509335666,6.655496334454464,40.77599095434532,19,266,242,43
