Recall,PositiveRating,PerfRatio,Impact,top,right,bottom,left
0.39829702923115073,0.4270897202069351,6.272062358037398,38.209420624305075,19,266,242,43
