Recall,PositiveRating,PerfRatio,Impact,top,right,bottom,left
0.4075335818431183,0.42793335637065005,7.313259008480867,45.02385451654265,36,262,222,77
