Recall,PositiveRating,PerfRatio,Impact,top,right,bottom,left
0.45679941654865686,0.3924620974822604,6.483044925718208,39.840325357311315,36,262,222,77
