Recall,PositiveRating,PerfRatio,Impact,top,right,bottom,left
0.4328673150562442,0.4123848646261086,6.60361448033547,40.51559883738953,36,262,222,77
