Recall,PositiveRating,PerfRatio,Impact,top,right,bottom,left
0.45139532858527287,0.48504489907277143,7.170730035079915,44.09908259457682,19,266,242,43
