Recall,PositiveRating,PerfRatio,Impact,top,right,bottom,left
0.4353825962871971,0.46515805935432136,7.027555068904008,43.18285071627868,36,262,222,77
