Recall,PositiveRating,PerfRatio,Impact,top,right,bottom,left
0.3938959731615457,0.3544369522383814,6.448710150849147,39.636132472384524,36,262,222,77
