Recall,PositiveRating,PerfRatio,Impact,top,right,bottom,left
0.4739539137242682,0.5168813291353674,7.352921342815802,45.38427658403849,36,262,222,77
