Recall,PositiveRating,PerfRatio,Impact,top,right,bottom,left
0.42402991320229333,0.4545891424707876,7.153451148226284,44.23149931023774,19,266,242,43
