Recall,PositiveRating,PerfRatio,Impact,top,right,bottom,left
0.3378658010206282,0.3434887983593824,6.187447999467638,38.13994257575834,36,262,222,77
