Recall,PositiveRating,PerfRatio,Impact,top,right,bottom,left
0.3789101393529022,0.47399654642516215,7.3339247733672925,45.30638113023595,36,262,222,77
