Recall,PositiveRating,PerfRatio,Impact,top,right,bottom,left
0.4441124022663554,0.46009584384281227,7.313039439959553,45.29825574388071,19,266,242,43
