Recall,PositiveRating,PerfRatio,Impact,top,right,bottom,left
0.3998784002232464,0.5227041131162592,7.369899023366667,45.2557467734001,19,266,242,43
