Recall,PositiveRating,PerfRatio,Impact,top,right,bottom,left
0.484578855767574,0.4473778805343234,7.102601741340216,43.783379083800455,36,262,222,77
