Recall,PositiveRating,PerfRatio,Impact,top,right,bottom,left
0.46244201559462716,0.4935677154999177,7.041585665975755,43.167605726448095,36,262,222,77
