Recall,PositiveRating,PerfRatio,Impact,top,right,bottom,left
0.4041803148769365,0.4501968996836699,6.826938534755219,41.887552085366416,19,266,242,43
