Recall,PositiveRating,PerfRatio,Impact,top,right,bottom,left
0.38678861991276725,0.4536448752907079,6.900363523846405,42.28852955614033,19,266,242,43
