Recall,PositiveRating,PerfRatio,Impact,top,right,bottom,left
0.3996709576460695,0.4072543416465442,6.286240949258055,38.63969167710434,19,266,242,43
