Recall,PositiveRating,PerfRatio,Impact,top,right,bottom,left
0.4690943642825788,0.4612283702350472,7.360672559967826,45.06327478075058,43,266,266,43
