Recall,PositiveRating,PerfRatio,Impact,top,right,bottom,left
0.4276832359624938,0.4075366185587355,6.97978137924112,42.81819992926636,19,266,242,43
