Recall,PositiveRating,PerfRatio,Impact,top,right,bottom,left
0.4395878659125627,0.44483646285820716,6.942661716267369,42.91297356365278,36,262,222,77
