Recall,PositiveRating,PerfRatio,Impact,top,right,bottom,left
0.4579846070056738,0.40487498107909153,6.661005104784292,40.8121061413266,19,266,242,43
