Recall,PositiveRating,PerfRatio,Impact,top,right,bottom,left
0.41214326472964435,0.47078488434504134,6.686408086832642,40.83003784113691,19,266,242,43
