Recall,PositiveRating,PerfRatio,Impact,top,right,bottom,left
0.41356006055534533,0.38259822456308246,6.5867359859880565,39.91941753432345,36,262,222,77
