Recall,PositiveRating,PerfRatio,Impact,top,right,bottom,left
0.4204152445129492,0.48916289057139334,6.848369268233763,42.29111454524446,36,262,222,77
