Recall,PositiveRating,PerfRatio,Impact,top,right,bottom,left
0.4448989332963532,0.5008970782505904,6.821534742442395,41.8648526436268,19,266,242,43
