Recall,PositiveRating,PerfRatio,Impact,top,right,bottom,left
0.4169689689990467,0.5012243515794287,7.234945090168932,44.49464291423929,36,262,222,77
