Recall,PositiveRating,PerfRatio,Impact,top,right,bottom,left
0.4116768002052573,0.37981886932753844,6.733145584748276,41.74872022109123,19,266,242,43
