Recall,PositiveRating,PerfRatio,Impact,top,right,bottom,left
0.4248210354954949,0.49990281720057334,6.818884033859167,41.82478705383417,36,262,222,77
