Recall,PositiveRating,PerfRatio,Impact,top,right,bottom,left
0.41795818606689084,0.5032749462972402,7.308731453717865,44.919489984369356,19,266,242,43
