Recall,PositiveRating,PerfRatio,Impact,top,right,bottom,left
0.38467640634208,0.3907022977866248,6.51521827651007,40.225581606610774,19,266,242,43
