Recall,PositiveRating,PerfRatio,Impact,top,right,bottom,left
0.4527663296719707,0.46665849282166766,7.2129658576564974,44.43840102279736,19,266,242,43
