Recall,PositiveRating,PerfRatio,Impact,top,right,bottom,left
0.4000046957497675,0.47349606455942267,6.9715525115369035,42.98589744068931,19,266,242,43
