Recall,PositiveRating,PerfRatio,Impact,top,right,bottom,left
0.39058275628396455,0.41282587503911033,7.051926349574281,43.11561100846486,36,262,222,77
