Recall,PositiveRating,PerfRatio,Impact,top,right,bottom,left
0.4638841201881093,0.4947196799696146,6.791412448617294,41.731189893077406,19,266,242,43
