Recall,PositiveRating,PerfRatio,Impact,top,right,bottom,left
0.47300558427894757,0.5691836000631828,7.942261422481003,49.062199304001865,19,266,242,43
