Recall,PositiveRating,PerfRatio,Impact,top,right,bottom,left
0.42372636401296837,0.4764652749822887,7.269940167440716,44.47901609948434,43,266,266,43
