Recall,PositiveRating,PerfRatio,Impact,top,right,bottom,left
0.41951275394004817,0.47178500596294665,6.939422571709362,42.876997384510865,19,266,242,43
