Recall,PositiveRating,PerfRatio,Impact,top,right,bottom,left
0.3945763742593954,0.4042088737360911,6.507964508820283,40.046180370939354,19,266,242,43
