Recall,PositiveRating,PerfRatio,Impact,top,right,bottom,left
0.4504142428090929,0.38417132691967865,6.691497402203506,41.0150791973881,19,266,242,43
