Recall,PositiveRating,PerfRatio,Impact,top,right,bottom,left
0.4401330288273271,0.44361073131950773,6.625134854928138,40.60787989383979,19,266,242,43
