Recall,PositiveRating,PerfRatio,Impact,top,right,bottom,left
0.40814601253339444,0.37558645257156337,6.527672847487633,39.97109027743199,19,266,242,43
