Recall,PositiveRating,PerfRatio,Impact,top,right,bottom,left
0.4039932675308241,0.38315792729454873,6.664409444024303,40.94129955470008,19,266,242,43
