Recall,PositiveRating,PerfRatio,Impact,top,right,bottom,left
0.40938033387902784,0.41715007107024343,6.602210905059983,40.625871646580606,19,266,242,43
