Recall,PositiveRating,PerfRatio,Impact,top,right,bottom,left
0.390753354530165,0.41942891388273745,6.904103572605225,42.497382871791594,36,262,222,77
