Recall,PositiveRating,PerfRatio,Impact,top,right,bottom,left
0.3583809917472106,0.3420905658800744,6.30400872954185,38.774952201730386,19,291,242,68
