Recall,PositiveRating,PerfRatio,Impact,top,right,bottom,left
0.3919150767369487,0.3954012560901098,5.778846114063601,35.16493136843997,36,262,222,77
