Recall,PositiveRating,PerfRatio,Impact,top,right,bottom,left
0.49288772567409056,0.46819880480418546,7.159920965684737,43.89801399955543,19,266,242,43
