Recall,PositiveRating,PerfRatio,Impact,top,right,bottom,left
0.3860505618108052,0.3741977308771058,6.921206146559737,42.89802976919575,19,266,242,43
