Recall,PositiveRating,PerfRatio,Impact,top,right,bottom,left
0.4010422879786022,0.3218587003816052,6.301779055456886,39.20106111637229,19,266,242,43
