Recall,PositiveRating,PerfRatio,Impact,top,right,bottom,left
0.4176508292574007,0.41787736815579773,6.56843440900621,40.40034037432645,36,262,222,77
