Recall,PositiveRating,PerfRatio,Impact,top,right,bottom,left
0.3739593477650669,0.4255065886498131,6.61015143126041,40.33011011190101,19,266,242,43
