Recall,PositiveRating,PerfRatio,Impact,top,right,bottom,left
0.369467230131555,0.41203139967428387,7.013294377995461,43.539719408367525,19,266,242,43
