Recall,PositiveRating,PerfRatio,Impact,top,right,bottom,left
0.4514492304639932,0.42269973574301484,6.955187401274564,42.81171596859305,19,266,242,43
