Recall,PositiveRating,PerfRatio,Impact,top,right,bottom,left
0.36858103291845234,0.3928241223866192,6.768512339613873,41.82739600589581,36,262,222,77
