Recall,PositiveRating,PerfRatio,Impact,top,right,bottom,left
0.4303530553047554,0.4954567750556574,7.310033113484705,45.34855592757555,19,266,242,43
