Recall,PositiveRating,PerfRatio,Impact,top,right,bottom,left
0.43240032147044705,0.5293824233431058,7.576285871471856,46.81816576987373,36,262,222,77
