Recall,PositiveRating,PerfRatio,Impact,top,right,bottom,left
0.41087250790885477,0.4478073611751869,7.027152618363159,43.30122488044134,36,262,222,77
