Recall,PositiveRating,PerfRatio,Impact,top,right,bottom,left
0.3864911053801948,0.399417258393499,6.802344259015211,41.93775884022105,36,262,222,77
