Recall,PositiveRating,PerfRatio,Impact,top,right,bottom,left
0.39717849002230077,0.38482447104709716,6.091088879026675,37.28786516322633,36,262,222,77
