Recall,PositiveRating,PerfRatio,Impact,top,right,bottom,left
0.3862873890848372,0.3669560373647159,6.518838871466818,40.10444213119533,19,266,242,43
