Recall,PositiveRating,PerfRatio,Impact,top,right,bottom,left
0.42174965243099793,0.41635803943798316,6.9365539609534705,42.67085682404084,36,262,222,77
