Recall,PositiveRating,PerfRatio,Impact,top,right,bottom,left
0.4166857770707857,0.4270052124977875,7.195094176472527,44.30647310288239,19,266,242,43
