Recall,PositiveRating,PerfRatio,Impact,top,right,bottom,left
0.4695877220717041,0.5060453978009339,6.808109988138971,41.37195491583869,19,266,242,43
