Recall,PositiveRating,PerfRatio,Impact,top,right,bottom,left
0.42993068334563656,0.47142861366686234,6.840355658592372,42.06520576149787,36,262,222,77
