Recall,PositiveRating,PerfRatio,Impact,top,right,bottom,left
0.47936215449950925,0.5094467098742278,7.2049088954185425,44.08131754036583,19,266,242,43
