Recall,PositiveRating,PerfRatio,Impact,top,right,bottom,left
0.42001454311120656,0.4352009847254997,6.896815123981076,42.13274447077548,19,266,242,43
