Recall,PositiveRating,PerfRatio,Impact,top,right,bottom,left
0.42704579856262115,0.5303933585386473,7.335618654706769,45.48606896908726,36,262,222,77
