Recall,PositiveRating,PerfRatio,Impact,top,right,bottom,left
0.347166335271629,0.3290034948476836,6.327061355662876,39.048059991157196,36,262,222,77
