Recall,PositiveRating,PerfRatio,Impact,top,right,bottom,left
0.366786770975029,0.448437291949297,6.899034191242312,42.31731551343557,36,262,222,77
