Recall,PositiveRating,PerfRatio,Impact,top,right,bottom,left
0.4175403552944972,0.4041236259098964,6.955132058805578,42.867776880669545,19,266,242,43
