Recall,PositiveRating,PerfRatio,Impact,top,right,bottom,left
0.46974288275164267,0.5038282199367105,7.353945422729227,45.01751672957205,36,262,222,77
