Recall,PositiveRating,PerfRatio,Impact,top,right,bottom,left
0.4650559212734149,0.5228314632774262,7.40954742745875,45.85612870785124,19,266,242,43
