Recall,PositiveRating,PerfRatio,Impact,top,right,bottom,left
0.4631568427829953,0.48399762512475736,7.22230630803301,44.682910588142306,36,262,222,77
