Recall,PositiveRating,PerfRatio,Impact,top,right,bottom,left
0.40140925234984315,0.38717265197469014,5.972782415417417,36.35221556383651,36,262,222,77
