Recall,PositiveRating,PerfRatio,Impact,top,right,bottom,left
0.3922600577337766,0.4293761474463184,6.776006330482805,41.65908417656283,19,266,242,43
