Recall,PositiveRating,PerfRatio,Impact,top,right,bottom,left
0.4637737480660886,0.5189751069357721,6.981398000149124,42.86329152148475,36,262,222,77
