Recall,PositiveRating,PerfRatio,Impact,top,right,bottom,left
0.4315224701722886,0.44410362423042155,6.726883606149217,41.64162061792434,19,266,242,43
