Recall,PositiveRating,PerfRatio,Impact,top,right,bottom,left
0.42049097469697205,0.38105736337975354,6.060229531841575,36.99950845807699,36,262,222,77
