Recall,PositiveRating,PerfRatio,Impact,top,right,bottom,left
0.3911575422252632,0.38289650234006517,6.837000055758947,42.26980291241044,19,291,242,68
