Recall,PositiveRating,PerfRatio,Impact,top,right,bottom,left
0.40369613975157537,0.4227263971948218,6.539686698656032,40.19609147199925,19,291,242,68
