Recall,PositiveRating,PerfRatio,Impact,top,right,bottom,left
0.4363304435424493,0.5208360989917872,7.295498280142344,45.00334459312914,36,262,222,77
