Recall,PositiveRating,PerfRatio,Impact,top,right,bottom,left
0.3961015353502261,0.48677788369164615,6.954704327757112,42.91496485211419,36,262,222,77
