Recall,PositiveRating,PerfRatio,Impact,top,right,bottom,left
0.4401685955315148,0.5694100615111993,7.468704679042641,46.103683507485634,36,262,222,77
