Recall,PositiveRating,PerfRatio,Impact,top,right,bottom,left
0.3805519151272301,0.46465158360268394,7.354399462854388,45.535092928103644,36,262,222,77
