Recall,PositiveRating,PerfRatio,Impact,top,right,bottom,left
0.4992660102599883,0.49870166165304736,7.207289341782531,44.36075654379615,19,266,242,43
