Recall,PositiveRating,PerfRatio,Impact,top,right,bottom,left
0.3749011047103008,0.3561598264563793,6.542917523506755,39.7997055247157,36,262,222,77
