Recall,PositiveRating,PerfRatio,Impact,top,right,bottom,left
0.3935880246079455,0.38615450520193634,6.799689478179441,41.8671145144885,19,266,242,43
