Recall,PositiveRating,PerfRatio,Impact,top,right,bottom,left
0.37141619907375445,0.4468235969766153,6.902081554854378,42.480443896058425,19,266,242,43
