Recall,PositiveRating,PerfRatio,Impact,top,right,bottom,left
0.4317006665936868,0.47503400031362647,7.364954641354537,45.32822239926216,36,262,222,77
