Recall,PositiveRating,PerfRatio,Impact,top,right,bottom,left
0.41249979444926166,0.4243936472839586,6.602747433307792,40.71814556444448,36,262,222,77
