Recall,PositiveRating,PerfRatio,Impact,top,right,bottom,left
0.48547124444712686,0.5038068846808971,7.486164367232528,46.198047325572055,36,262,222,77
