Recall,PositiveRating,PerfRatio,Impact,top,right,bottom,left
0.4220247264222291,0.4723982630425226,7.331922527401771,45.00602592826638,36,262,222,77
