Recall,PositiveRating,PerfRatio,Impact,top,right,bottom,left
0.43186835851784033,0.46846919132940484,6.6419384388267915,41.19044137230891,36,262,222,77
