Recall,PositiveRating,PerfRatio,Impact,top,right,bottom,left
0.44203349213506804,0.47777667298965293,6.919113458612683,42.47578206297643,36,262,222,77
