Recall,PositiveRating,PerfRatio,Impact,top,right,bottom,left
0.4038291540465144,0.445283259671756,7.25317054153846,45.00682273486759,19,266,242,43
