Recall,PositiveRating,PerfRatio,Impact,top,right,bottom,left
0.40066690898078494,0.3948699123019879,5.833890018465049,35.33887813672485,19,266,242,43
