Recall,PositiveRating,PerfRatio,Impact,top,right,bottom,left
0.3627461421363416,0.4013663775334973,6.7460615069413254,41.26240864048952,36,262,222,77
