Recall,PositiveRating,PerfRatio,Impact,top,right,bottom,left
0.40508730736797527,0.41212287821486254,6.96723978324335,42.49710556845582,36,262,222,77
