Recall,PositiveRating,PerfRatio,Impact,top,right,bottom,left
0.40536786699465044,0.4097682694555858,6.356404130967874,39.18586336249463,36,262,222,77
