Recall,PositiveRating,PerfRatio,Impact,top,right,bottom,left
0.4519526827564906,0.5015950033002426,7.030835296877519,43.40390771111443,19,266,242,43
