Recall,PositiveRating,PerfRatio,Impact,top,right,bottom,left
0.43110172853414275,0.397867069445755,6.648018827455631,40.66903027913273,36,262,222,77
