Recall,PositiveRating,PerfRatio,Impact,top,right,bottom,left
0.4453460765577353,0.5327806323714921,7.608025283636795,46.889135837891736,19,266,242,43
