Recall,PositiveRating,PerfRatio,Impact,top,right,bottom,left
0.38499397486494136,0.4792237746922881,7.3524636393346325,45.31962391205943,36,262,222,77
