Recall,PositiveRating,PerfRatio,Impact,top,right,bottom,left
0.3587245785846799,0.43503098136810375,6.896133785672604,42.57736469666654,19,266,242,43
