Recall,PositiveRating,PerfRatio,Impact,top,right,bottom,left
0.44603278320056017,0.5162754069819345,7.181357128078687,43.86927797782475,36,262,222,77
