Recall,PositiveRating,PerfRatio,Impact,top,right,bottom,left
0.43468796617195393,0.41565366086559524,6.52798453711546,39.856111425097126,36,262,222,77
