Recall,PositiveRating,PerfRatio,Impact,top,right,bottom,left
0.4493088882715037,0.4114280988026931,6.683190605018334,40.513144039213024,19,266,242,43
