Recall,PositiveRating,PerfRatio,Impact,top,right,bottom,left
0.41773390845598435,0.49310609245628706,7.689933859595839,47.36684091216929,19,266,242,43
