Recall,PositiveRating,PerfRatio,Impact,top,right,bottom,left
0.3445038495740995,0.43234705882299,6.67352857077576,40.896901009820645,36,262,222,77
