Recall,PositiveRating,PerfRatio,Impact,top,right,bottom,left
0.3846423017577483,0.4274804688514258,6.773618378248077,41.92377729566406,36,262,222,77
