Recall,PositiveRating,PerfRatio,Impact,top,right,bottom,left
0.41501971712697006,0.4347049774467194,6.820105722822847,41.84776429843999,19,266,242,43
