Recall,PositiveRating,PerfRatio,Impact,top,right,bottom,left
0.4427619094030105,0.4148575330378275,6.765831904113723,41.34804608188343,19,266,242,43
