Recall,PositiveRating,PerfRatio,Impact,top,right,bottom,left
0.3701303406970903,0.35745351708425244,6.307533426482232,38.87506731188523,36,262,222,77
