Recall,PositiveRating,PerfRatio,Impact,top,right,bottom,left
0.3331959846454155,0.4121154391508138,7.067493307878627,43.86794873172216,19,266,242,43
