Recall,PositiveRating,PerfRatio,Impact,top,right,bottom,left
0.4416950038498473,0.3215100258755318,5.914202299633359,36.124239752799014,19,266,242,43
