Recall,PositiveRating,PerfRatio,Impact,top,right,bottom,left
0.3868165062505283,0.408146519790987,6.574160429399497,40.760126670800794,19,266,242,43
