Recall,PositiveRating,PerfRatio,Impact,top,right,bottom,left
0.33948566797156626,0.4253056650849401,6.57889786071627,40.29464534083465,19,266,242,43
