Recall,PositiveRating,PerfRatio,Impact,top,right,bottom,left
0.4336191843146514,0.47034905174428693,7.1521897995854635,43.920189135399426,19,266,242,43
