Recall,PositiveRating,PerfRatio,Impact,top,right,bottom,left
0.3668160416722993,0.38550334094755945,6.692646990979336,41.60135111615095,36,262,222,77
