Recall,PositiveRating,PerfRatio,Impact,top,right,bottom,left
0.4460276343622628,0.46714785821812815,6.98140389924156,42.567369986081744,36,262,222,77
