Recall,PositiveRating,PerfRatio,Impact,top,right,bottom,left
0.4017842532625939,0.4761672867500684,7.110039407672469,43.935081208944254,19,266,242,43
