Recall,PositiveRating,PerfRatio,Impact,top,right,bottom,left
0.43979509603862743,0.47262855639736895,7.18539458737124,44.23014379405418,36,262,222,77
