Recall,PositiveRating,PerfRatio,Impact,top,right,bottom,left
0.38753338275563287,0.48578708602357185,7.24824052372119,44.79153948051147,19,266,242,43
