Recall,PositiveRating,PerfRatio,Impact,top,right,bottom,left
0.42485671228816424,0.43265417653321975,7.087260771419204,43.576794913252925,19,266,242,43
