Recall,PositiveRating,PerfRatio,Impact,top,right,bottom,left
0.4953832201788517,0.5196635910683383,7.654781436394481,47.26184174856676,19,291,242,68
