Recall,PositiveRating,PerfRatio,Impact,top,right,bottom,left
0.47217872289670126,0.4584698360994844,7.236641538913105,44.5309215734636,36,262,222,77
