Recall,PositiveRating,PerfRatio,Impact,top,right,bottom,left
0.4058552212896698,0.4239927771539383,6.914798399754248,42.67250873719103,36,262,222,77
