Recall,PositiveRating,PerfRatio,Impact,top,right,bottom,left
0.42599787176432047,0.5772538933275033,7.6022093881618975,47.015085937852234,19,266,242,43
