Recall,PositiveRating,PerfRatio,Impact,top,right,bottom,left
0.4373551433567079,0.45997279409932096,6.8058029439304235,41.96219024521268,36,262,222,77
