Recall,PositiveRating,PerfRatio,Impact,top,right,bottom,left
0.45893572218721723,0.4929313207329407,6.880612595235923,41.9046077712836,19,266,242,43
