Recall,PositiveRating,PerfRatio,Impact,top,right,bottom,left
0.391703162668822,0.3798298342033137,6.686089082611683,41.06952112995807,19,266,242,43
