Recall,PositiveRating,PerfRatio,Impact,top,right,bottom,left
0.44242395968376147,0.46924290860799106,7.130841131437973,43.92941294299398,19,266,242,43
