Recall,PositiveRating,PerfRatio,Impact,top,right,bottom,left
0.4318370034037593,0.416876701630395,6.743347714890623,41.10740802334151,19,266,242,43
