Recall,PositiveRating,PerfRatio,Impact,top,right,bottom,left
0.4584897720098603,0.4917451952750858,7.082684521659201,43.597431584352826,36,262,222,77
