Recall,PositiveRating,PerfRatio,Impact,top,right,bottom,left
0.48647255793859756,0.5679768141901916,7.755098665209183,48.11133131465583,36,262,222,77
