Recall,PositiveRating,PerfRatio,Impact,top,right,bottom,left
0.44441830657156023,0.45611733950034955,6.822418487678341,41.9554035020783,36,262,222,77
