Recall,PositiveRating,PerfRatio,Impact,top,right,bottom,left
0.43054623256674796,0.4825244685017815,7.219477661687754,44.33815008403508,19,266,242,43
