Recall,PositiveRating,PerfRatio,Impact,top,right,bottom,left
0.39350856736615447,0.4832137594895432,7.294539254796093,45.079951623525716,19,266,242,43
