Recall,PositiveRating,PerfRatio,Impact,top,right,bottom,left
0.44445405102800206,0.49945441381377437,7.244876656325195,44.71605643659365,36,262,222,77
