Recall,PositiveRating,PerfRatio,Impact,top,right,bottom,left
0.4230939024055921,0.3748540081786188,6.08754099775106,37.21979114824096,36,262,222,77
