Recall,PositiveRating,PerfRatio,Impact,top,right,bottom,left
0.46119876568824514,0.4883351974544066,7.53791958265651,46.27305531887678,19,266,242,43
