Recall,PositiveRating,PerfRatio,Impact,top,right,bottom,left
0.42145646422425376,0.4041551929181391,6.495000287646007,39.85455069595623,19,291,242,68
