Recall,PositiveRating,PerfRatio,Impact,top,right,bottom,left
0.38844014869503385,0.32590006357435564,5.846807737516239,35.722071228382326,36,262,222,77
