Recall,PositiveRating,PerfRatio,Impact,top,right,bottom,left
0.35457262050548755,0.39236276652850566,6.524090191646475,40.37835011969211,19,266,242,43
