Recall,PositiveRating,PerfRatio,Impact,top,right,bottom,left
0.4415871393585207,0.38154721161599164,6.282059760014983,38.64422871320926,36,262,222,77
