Recall,PositiveRating,PerfRatio,Impact,top,right,bottom,left
0.4152026985002555,0.4178944712850426,6.679012682654604,40.97849879821978,36,262,222,77
