Recall,PositiveRating,PerfRatio,Impact,top,right,bottom,left
0.41234602692005007,0.380995086975005,6.701551107676282,41.3090179702676,36,262,222,77
