Recall,PositiveRating,PerfRatio,Impact,top,right,bottom,left
0.38850173253420583,0.3988556242796496,6.6318707798557766,40.87185191920621,19,291,242,68
