Recall,PositiveRating,PerfRatio,Impact,top,right,bottom,left
0.41965596980580255,0.4959987861700231,7.030164472766736,43.35298853189865,36,262,222,77
