Recall,PositiveRating,PerfRatio,Impact,top,right,bottom,left
0.46272297147785246,0.48427685246286706,6.60084319705039,40.34723772224356,19,266,242,43
