Recall,PositiveRating,PerfRatio,Impact,top,right,bottom,left
0.4540936833267504,0.48313720903562657,6.686224187353026,40.904131620290926,36,262,222,77
