Recall,PositiveRating,PerfRatio,Impact,top,right,bottom,left
0.41160591954811787,0.43914717689297095,6.615129491483736,40.70791745049302,19,266,242,43
