Recall,PositiveRating,PerfRatio,Impact,top,right,bottom,left
0.41372779385028335,0.40669705248831495,6.687060062831877,40.94116012085897,36,262,222,77
