Recall,PositiveRating,PerfRatio,Impact,top,right,bottom,left
0.3886796289388095,0.4246952068618249,6.526299520030603,40.10087438555427,19,266,242,43
