Recall,PositiveRating,PerfRatio,Impact,top,right,bottom,left
0.3925822481400897,0.4564903828312333,7.071651516322604,43.54706024079869,19,266,242,43
