Recall,PositiveRating,PerfRatio,Impact,top,right,bottom,left
0.4278744273827766,0.4725609023199487,6.579864030337578,40.082838922029204,19,266,242,43
