Recall,PositiveRating,PerfRatio,Impact,top,right,bottom,left
0.4603945859575531,0.4310558185834394,6.83746096373845,42.296221215517306,36,262,222,77
