Recall,PositiveRating,PerfRatio,Impact,top,right,bottom,left
0.44758264173976214,0.4245571512067258,6.946258521013248,42.112471472566554,19,266,242,43
