Recall,PositiveRating,PerfRatio,Impact,top,right,bottom,left
0.4232132683582758,0.49575069815854805,7.412098752112513,45.53439826861324,36,262,222,77
