Recall,PositiveRating,PerfRatio,Impact,top,right,bottom,left
0.4444378790668192,0.4620849503667482,6.807767612216986,41.90257505071774,43,291,266,68
