Recall,PositiveRating,PerfRatio,Impact,top,right,bottom,left
0.37367445533546695,0.40373601694553757,7.130462718724616,43.9716951648765,36,262,222,77
