Recall,PositiveRating,PerfRatio,Impact,top,right,bottom,left
0.37950928740308676,0.4092726497312738,6.7893873207684035,41.85539707405512,19,266,242,43
