Recall,PositiveRating,PerfRatio,Impact,top,right,bottom,left
0.4519653403696603,0.5436449797696977,7.213915931088165,44.78123467585306,19,266,242,43
