Recall,PositiveRating,PerfRatio,Impact,top,right,bottom,left
0.45852182392673657,0.43705904652544897,6.611034199289643,40.223980236051766,36,262,222,77
