Recall,PositiveRating,PerfRatio,Impact,top,right,bottom,left
0.4109659735978525,0.45635026621824853,7.175568273996945,43.88836416425688,36,262,222,77
