Recall,PositiveRating,PerfRatio,Impact,top,right,bottom,left
0.43739700077750776,0.43761353005183495,6.6398498616597115,40.74067448646403,36,262,222,77
