Recall,PositiveRating,PerfRatio,Impact,top,right,bottom,left
0.4577147041046822,0.43234614964277057,6.297341181983347,38.33459747649537,19,266,242,43
