Recall,PositiveRating,PerfRatio,Impact,top,right,bottom,left
0.424305896026378,0.45839967810799104,6.872546611099945,42.35801019547017,36,262,222,77
