Recall,PositiveRating,PerfRatio,Impact,top,right,bottom,left
0.45656864888510995,0.4781256632260547,6.962266549683922,42.58040068876552,36,262,222,77
