Recall,PositiveRating,PerfRatio,Impact,top,right,bottom,left
0.4595990568318358,0.4583409743111105,6.81136030322998,41.7488484699881,36,262,222,77
