Recall,PositiveRating,PerfRatio,Impact,top,right,bottom,left
0.42759329641551647,0.40047181654476366,6.259225928507165,38.136436172309764,19,266,242,43
