Recall,PositiveRating,PerfRatio,Impact,top,right,bottom,left
0.43786362560967174,0.42795838736449193,6.381314579648617,39.084449502520904,19,266,242,43
