Recall,PositiveRating,PerfRatio,Impact,top,right,bottom,left
0.45110516769631726,0.49199441990791376,7.117790629480245,43.64815259093002,36,262,222,77
