Recall,PositiveRating,PerfRatio,Impact,top,right,bottom,left
0.4500153118040494,0.40897498878050415,6.785186633528978,41.414711447149756,36,262,222,77
