Recall,PositiveRating,PerfRatio,Impact,top,right,bottom,left
0.42990248519983354,0.49092956286342876,6.97043644169267,42.81627122435323,36,262,222,77
