Recall,PositiveRating,PerfRatio,Impact,top,right,bottom,left
0.3954857660544664,0.453973698017707,7.207155454724937,44.82168091077931,19,266,242,43
