Recall,PositiveRating,PerfRatio,Impact,top,right,bottom,left
0.4521032500537878,0.5357836710752963,7.367269605022877,45.19836918217221,19,266,242,43
