Recall,PositiveRating,PerfRatio,Impact,top,right,bottom,left
0.3748501239127141,0.37782030184592585,6.693848103401617,41.185424787884614,19,266,242,43
