Recall,PositiveRating,PerfRatio,Impact,top,right,bottom,left
0.44149077026622596,0.4843922047587624,7.342301365493443,44.985009539625786,36,262,222,77
