Recall,PositiveRating,PerfRatio,Impact,top,right,bottom,left
0.38666518654176996,0.4090536468548967,6.716592131389648,41.42009350704521,36,262,222,77
