Recall,PositiveRating,PerfRatio,Impact,top,right,bottom,left
0.42579384296037415,0.4003397400715936,6.317490743166677,38.888638015152516,36,262,222,77
