Recall,PositiveRating,PerfRatio,Impact,top,right,bottom,left
0.4127709710319567,0.495234484032636,7.364998749957083,45.56692998764062,36,262,222,77
