Recall,PositiveRating,PerfRatio,Impact,top,right,bottom,left
0.45352160875211256,0.5167225185263801,7.333558624657211,45.12241608403957,43,266,266,43
