Recall,PositiveRating,PerfRatio,Impact,top,right,bottom,left
0.407561997043818,0.48570394726193716,7.022650731286961,42.92056899587643,36,262,222,77
