Recall,PositiveRating,PerfRatio,Impact,top,right,bottom,left
0.38903070142925,0.3799340339189105,6.643475925418638,40.62819346515417,36,262,222,77
