Recall,PositiveRating,PerfRatio,Impact,top,right,bottom,left
0.4113938266748217,0.4395727608235344,6.599686782037006,40.57434495152969,36,262,222,77
