Recall,PositiveRating,PerfRatio,Impact,top,right,bottom,left
0.36934790040324805,0.3228582961840249,6.115947657210859,37.521130453439234,19,291,242,68
