Recall,PositiveRating,PerfRatio,Impact,top,right,bottom,left
0.3980949615493242,0.36838745123710237,6.781625489670841,41.33174673129967,19,266,242,43
