Recall,PositiveRating,PerfRatio,Impact,top,right,bottom,left
0.4398379348261273,0.4486778287935564,6.9085860343487155,42.374902234496865,43,291,266,68
