Recall,PositiveRating,PerfRatio,Impact,top,right,bottom,left
0.41948606854490855,0.41622780057748426,6.865950496149671,42.75535200477995,19,266,242,43
