Recall,PositiveRating,PerfRatio,Impact,top,right,bottom,left
0.4075679167138532,0.39644482434735734,6.294829888652646,39.05900493352034,19,266,242,43
