Recall,PositiveRating,PerfRatio,Impact,top,right,bottom,left
0.432344386056593,0.44808760955273247,6.552329001369794,40.194029908764016,19,266,242,43
