Recall,PositiveRating,PerfRatio,Impact,top,right,bottom,left
0.4021734186673922,0.3859981744987463,6.666955936836108,41.04659673284802,19,266,242,43
