Recall,PositiveRating,PerfRatio,Impact,top,right,bottom,left
0.42821142425053993,0.530163110929987,7.482962625701812,46.24737563634507,19,266,242,43
