Recall,PositiveRating,PerfRatio,Impact,top,right,bottom,left
0.44629655206345686,0.42635187912795564,6.492936090321457,39.93465039886974,36,262,222,77
