Recall,PositiveRating,PerfRatio,Impact,top,right,bottom,left
0.4291105133936042,0.3891738743058687,6.302201662192908,38.27587219307731,36,262,222,77
