Recall,PositiveRating,PerfRatio,Impact,top,right,bottom,left
0.3972917565770925,0.4013513888577243,6.791887329256872,41.81786286772862,36,262,222,77
