Recall,PositiveRating,PerfRatio,Impact,top,right,bottom,left
0.47346699371744216,0.5453094283427499,7.370670308162816,45.27908878626577,36,262,222,77
