Recall,PositiveRating,PerfRatio,Impact,top,right,bottom,left
0.4518167863527851,0.46756112693854085,6.95151021530714,42.751073781665795,36,262,222,77
