Recall,PositiveRating,PerfRatio,Impact,top,right,bottom,left
0.3808611090994004,0.36219680658744907,6.598038306633558,40.53852584621383,36,262,222,77
