Recall,PositiveRating,PerfRatio,Impact,top,right,bottom,left
0.3728993767627289,0.3724784370283783,6.0912756085419115,37.18844292678944,19,266,242,43
