Recall,PositiveRating,PerfRatio,Impact,top,right,bottom,left
0.3867252255275656,0.465898555861092,6.657205020011336,41.0962979561617,36,262,222,77
