Recall,PositiveRating,PerfRatio,Impact,top,right,bottom,left
0.42625526707071015,0.4246244206648115,7.051941111162097,43.416369196925,36,262,222,77
