Recall,PositiveRating,PerfRatio,Impact,top,right,bottom,left
0.40892067085406714,0.4422566005466791,7.06697495082447,43.420115768622864,36,262,222,77
