Recall,PositiveRating,PerfRatio,Impact,top,right,bottom,left
0.39099764931484504,0.3506835800758007,6.339838409453431,39.13704942956639,36,262,222,77
