Recall,PositiveRating,PerfRatio,Impact,top,right,bottom,left
0.42505373183614925,0.5079397993877931,7.541313915629931,46.72803347359333,19,266,242,43
