Recall,PositiveRating,PerfRatio,Impact,top,right,bottom,left
0.4551889087264497,0.5133481956971465,7.356265015650925,45.166538170991295,19,266,242,43
