Recall,PositiveRating,PerfRatio,Impact,top,right,bottom,left
0.3873975139703927,0.45882485044068516,6.649312049976168,41.016389633374395,36,262,222,77
