Recall,PositiveRating,PerfRatio,Impact,top,right,bottom,left
0.46623056836277255,0.49872430576680266,7.030357715841815,43.012281339954384,19,291,242,68
