Recall,PositiveRating,PerfRatio,Impact,top,right,bottom,left
0.37985019563993216,0.4466217054634039,6.758688178717815,41.457241318454976,36,262,222,77
