Recall,PositiveRating,PerfRatio,Impact,top,right,bottom,left
0.4468060610983242,0.43177362107303213,7.174740044161101,44.04425561070776,36,262,222,77
