Recall,PositiveRating,PerfRatio,Impact,top,right,bottom,left
0.5009855900468461,0.49798181812970826,7.563127902739938,46.679622630964715,19,266,242,43
