Recall,PositiveRating,PerfRatio,Impact,top,right,bottom,left
0.4251925192951228,0.47432943715606407,6.9661794812231,42.82120317009666,36,262,222,77
