Recall,PositiveRating,PerfRatio,Impact,top,right,bottom,left
0.4110034567558466,0.4689456647090347,6.935149364474005,42.94663442250723,36,262,222,77
