Recall,PositiveRating,PerfRatio,Impact,top,right,bottom,left
0.42086737207847813,0.4057253233879166,7.102754708382569,43.82692605333536,19,291,242,68
