Recall,PositiveRating,PerfRatio,Impact,top,right,bottom,left
0.3838058240509923,0.39105551704028246,6.683807668942937,41.29841176246821,19,266,242,43
