Recall,PositiveRating,PerfRatio,Impact,top,right,bottom,left
0.41347652431043025,0.45438772623027696,7.058224083116859,43.04887339857527,36,262,222,77
