Recall,PositiveRating,PerfRatio,Impact,top,right,bottom,left
0.45602752262250945,0.4054336378829962,6.840530012639722,42.05770287580045,19,266,242,43
