Recall,PositiveRating,PerfRatio,Impact,top,right,bottom,left
0.38568947976347767,0.3493108210923828,6.480308577018226,39.68621946077174,36,262,222,77
