Recall,PositiveRating,PerfRatio,Impact,top,right,bottom,left
0.39374553982436755,0.4030625151690688,6.6486610427642345,40.46054256192642,19,266,242,43
