Recall,PositiveRating,PerfRatio,Impact,top,right,bottom,left
0.42641867518753274,0.5057647662057659,7.05091391679181,43.390308447538935,36,262,222,77
