Recall,PositiveRating,PerfRatio,Impact,top,right,bottom,left
0.43516405561054405,0.43321873079741274,6.787579170928793,41.68371068920048,36,262,222,77
