Recall,PositiveRating,PerfRatio,Impact,top,right,bottom,left
0.4607995450915148,0.456909297697725,7.061553838073799,43.30631137822258,36,262,222,77
