Recall,PositiveRating,PerfRatio,Impact,top,right,bottom,left
0.4032350876035973,0.45276018915459565,7.004292885795692,42.79977902568457,36,262,222,77
