Recall,PositiveRating,PerfRatio,Impact,top,right,bottom,left
0.4017560132614423,0.42926108527300516,6.990362291199392,42.952069989934635,36,262,222,77
