Recall,PositiveRating,PerfRatio,Impact,top,right,bottom,left
0.4084649279107302,0.44383219584441297,6.807279494078589,41.632808177048034,19,266,242,43
