Recall,PositiveRating,PerfRatio,Impact,top,right,bottom,left
0.4687167772541504,0.45000270466124587,6.98465247620276,42.884465756231684,36,262,222,77
