Recall,PositiveRating,PerfRatio,Impact,top,right,bottom,left
0.4159647207179694,0.42472862355167823,6.726650624289599,41.571215011058975,19,266,242,43
