Recall,PositiveRating,PerfRatio,Impact,top,right,bottom,left
0.4556427335390053,0.4798525122539317,7.290866190662393,44.78841227235003,36,262,222,77
