Recall,PositiveRating,PerfRatio,Impact,top,right,bottom,left
0.4065111078538217,0.42864310592978333,7.074375466442061,43.64288404238527,19,291,242,68
