Recall,PositiveRating,PerfRatio,Impact,top,right,bottom,left
0.43948873651218945,0.38370149110244417,6.997754675680392,42.848715133471174,19,266,242,43
