Recall,PositiveRating,PerfRatio,Impact,top,right,bottom,left
0.41343251526470226,0.42978099899646477,6.727428824840444,41.29830962516606,36,262,222,77
