Recall,PositiveRating,PerfRatio,Impact,top,right,bottom,left
0.423676022335326,0.4363410195144111,6.821498312103296,41.96553019930352,19,266,242,43
