Recall,PositiveRating,PerfRatio,Impact,top,right,bottom,left
0.41895520563072575,0.42716314481626566,6.453034953425637,39.24163764494328,19,266,242,43
