Recall,PositiveRating,PerfRatio,Impact,top,right,bottom,left
0.43222812730636073,0.4163701986309379,7.001121934386825,42.773202763496336,36,262,222,77
