Recall,PositiveRating,PerfRatio,Impact,top,right,bottom,left
0.39395485835080724,0.3918273876041907,6.59040410284637,40.54268882026506,19,266,242,43
