Recall,PositiveRating,PerfRatio,Impact,top,right,bottom,left
0.3845906516961549,0.34500336462877995,6.1420603394881494,37.615157383848484,19,266,242,43
