Recall,PositiveRating,PerfRatio,Impact,top,right,bottom,left
0.47839994856603185,0.47649430122218844,6.81686921304884,41.5240293459177,36,262,222,77
