Recall,PositiveRating,PerfRatio,Impact,top,right,bottom,left
0.4178770163531893,0.3723329734164778,6.457044609493404,39.87507987928916,36,262,222,77
