Recall,PositiveRating,PerfRatio,Impact,top,right,bottom,left
0.4790667406211201,0.45094590554856046,7.0196442733062385,42.84760504927589,36,262,222,77
