Recall,PositiveRating,PerfRatio,Impact,top,right,bottom,left
0.4484498484615448,0.5138226789464743,7.461558218907547,45.86370584402056,36,262,222,77
