Recall,PositiveRating,PerfRatio,Impact,top,right,bottom,left
0.4602922021987328,0.477275374362163,7.01420020115967,43.30978018419242,36,262,222,77
