Recall,PositiveRating,PerfRatio,Impact,top,right,bottom,left
0.42089658244025596,0.45776451963056913,6.913153716982096,42.48015185611129,36,262,222,77
