Recall,PositiveRating,PerfRatio,Impact,top,right,bottom,left
0.49956150633221474,0.4818490706089053,6.711904072858755,41.230654047099584,36,262,222,77
