Recall,PositiveRating,PerfRatio,Impact,top,right,bottom,left
0.4518113464841689,0.42181213562130365,6.550819018086847,40.133332986445126,36,262,222,77
