Recall,PositiveRating,PerfRatio,Impact,top,right,bottom,left
0.4317470260064329,0.4848994856329319,7.316086950124497,45.27077793798736,19,266,242,43
