Recall,PositiveRating,PerfRatio,Impact,top,right,bottom,left
0.38758448680700497,0.4199541346802062,6.466765150916149,39.59383129791786,36,262,222,77
