Recall,PositiveRating,PerfRatio,Impact,top,right,bottom,left
0.40313996039107125,0.4201063784264903,6.668148570465122,40.7411316286792,36,262,222,77
