Recall,PositiveRating,PerfRatio,Impact,top,right,bottom,left
0.46188407717907365,0.45141223644502465,6.929877507440331,42.58459568442887,19,266,242,43
