Recall,PositiveRating,PerfRatio,Impact,top,right,bottom,left
0.4224994607672785,0.44610500516821944,6.998822835162206,43.25471440546132,19,266,242,43
