Recall,PositiveRating,PerfRatio,Impact,top,right,bottom,left
0.42181715107236395,0.4418684970156939,6.868744154261477,41.93703862757644,36,262,222,77
