Recall,PositiveRating,PerfRatio,Impact,top,right,bottom,left
0.3780890173998114,0.458208055206579,7.288026686613187,44.70893297834971,19,266,242,43
