Recall,PositiveRating,PerfRatio,Impact,top,right,bottom,left
0.40457135815938283,0.4436911379944593,6.902268186514572,42.34325329709889,19,266,242,43
