Recall,PositiveRating,PerfRatio,Impact,top,right,bottom,left
0.3345794573741556,0.4697956288168255,6.756492423195361,41.811235693732776,19,266,242,43
