Recall,PositiveRating,PerfRatio,Impact,top,right,bottom,left
0.43666435821317207,0.39073827552796414,6.613862353502811,40.58138654970691,36,262,222,77
