Recall,PositiveRating,PerfRatio,Impact,top,right,bottom,left
0.49593428343783874,0.5400732497815218,7.415249616407078,45.68669622820018,36,262,222,77
