Recall,PositiveRating,PerfRatio,Impact,top,right,bottom,left
0.4180010016294533,0.37878366969348803,6.451317249906473,39.3850837355988,36,262,222,77
