Recall,PositiveRating,PerfRatio,Impact,top,right,bottom,left
0.4685038840978418,0.5423461218348232,7.593850331212993,47.018154368869766,19,266,242,43
