Recall,PositiveRating,PerfRatio,Impact,top,right,bottom,left
0.4377131599043793,0.4357388867762276,6.8243296840852805,41.54119125136418,36,262,222,77
