Recall,PositiveRating,PerfRatio,Impact,top,right,bottom,left
0.4128950291627661,0.4228174430954477,6.721276812850298,41.38911140499173,36,262,222,77
