Recall,PositiveRating,PerfRatio,Impact,top,right,bottom,left
0.39675594576681783,0.4178169089719422,6.700438078486678,40.80638818654655,36,262,222,77
