Recall,PositiveRating,PerfRatio,Impact,top,right,bottom,left
0.440158943566214,0.45012073772327726,6.475705271945108,39.42233526387442,19,266,242,43
