Recall,PositiveRating,PerfRatio,Impact,top,right,bottom,left
0.42443605774079096,0.38967685848432443,6.849961856127734,41.94077822166404,19,266,242,43
