Recall,PositiveRating,PerfRatio,Impact,top,right,bottom,left
0.40579249302271425,0.3342306749249837,6.3404631283613435,39.126440774970135,36,262,222,77
