Recall,PositiveRating,PerfRatio,Impact,top,right,bottom,left
0.425192170327898,0.4436433039758621,6.890989375629462,42.406952640873115,19,266,242,43
