Recall,PositiveRating,PerfRatio,Impact,top,right,bottom,left
0.4888869555733014,0.46148730315350145,6.646599689419184,40.795012561457874,19,266,242,43
