Recall,PositiveRating,PerfRatio,Impact,top,right,bottom,left
0.44840785890118273,0.40205855022948517,6.969505740639446,42.55039720023748,19,266,242,43
