Recall,PositiveRating,PerfRatio,Impact,top,right,bottom,left
0.45343770127615246,0.4984064081626272,7.3285422923349905,44.924417365394866,19,266,242,43
