Recall,PositiveRating,PerfRatio,Impact,top,right,bottom,left
0.4520898451006472,0.42937970258518027,6.829065041912145,42.23040403758898,19,266,242,43
