Recall,PositiveRating,PerfRatio,Impact,top,right,bottom,left
0.4253217519149446,0.4379034091662078,7.174054695160072,44.300577130688104,36,262,222,77
