Recall,PositiveRating,PerfRatio,Impact,top,right,bottom,left
0.3926595268644706,0.40594449957078044,6.32059420223417,39.10971027763187,19,266,242,43
