Recall,PositiveRating,PerfRatio,Impact,top,right,bottom,left
0.4019062638011749,0.5154578810123306,7.284650398154204,44.918142553485445,19,266,242,43
