Recall,PositiveRating,PerfRatio,Impact,top,right,bottom,left
0.35381818465887394,0.32479785024859914,5.9536395227832655,36.40202931155359,19,291,242,68
