Recall,PositiveRating,PerfRatio,Impact,top,right,bottom,left
0.4666435328919487,0.5041059352131442,7.203355160465331,43.9924010883095,36,262,222,77
