Recall,PositiveRating,PerfRatio,Impact,top,right,bottom,left
0.446979229739934,0.4659000986157334,6.819465078892055,41.82573707849129,36,262,222,77
