Recall,PositiveRating,PerfRatio,Impact,top,right,bottom,left
0.42501522885544585,0.48744956182368954,7.086090687964921,43.9042582278718,19,266,242,43
