Recall,PositiveRating,PerfRatio,Impact,top,right,bottom,left
0.4129369738938822,0.42441659803175086,6.804074483655456,41.70270529800004,36,262,222,77
