Recall,PositiveRating,PerfRatio,Impact,top,right,bottom,left
0.4524757942267922,0.4508290757493963,7.014566048148842,43.29307649049906,19,266,242,43
