Recall,PositiveRating,PerfRatio,Impact,top,right,bottom,left
0.42639494835884884,0.41147344070563313,6.714735722974711,41.2117841654346,19,291,242,68
