Recall,PositiveRating,PerfRatio,Impact,top,right,bottom,left
0.41790873248338545,0.4718145285244251,7.529009934047926,46.60544727102278,19,266,242,43
