Recall,PositiveRating,PerfRatio,Impact,top,right,bottom,left
0.3963564886687828,0.4162770506056968,6.731463254411461,41.44634695979399,19,266,242,43
