Recall,PositiveRating,PerfRatio,Impact,top,right,bottom,left
0.4462331212717253,0.4755148629212516,6.762611071254601,41.48760958641484,19,266,242,43
