Recall,PositiveRating,PerfRatio,Impact,top,right,bottom,left
0.40827604424981123,0.38997149755386873,6.2269592866165535,38.52418297024936,36,262,222,77
