Recall,PositiveRating,PerfRatio,Impact,top,right,bottom,left
0.4261941558288168,0.35108485944517015,6.738907987206134,41.05582061963604,19,266,242,43
