Recall,PositiveRating,PerfRatio,Impact,top,right,bottom,left
0.40356549787167806,0.47635153523518065,6.855906378072913,42.26471342340005,19,266,242,43
