Recall,PositiveRating,PerfRatio,Impact,top,right,bottom,left
0.38206055916995607,0.3974319493496762,6.80414797866472,41.69058927653268,36,262,222,77
