Recall,PositiveRating,PerfRatio,Impact,top,right,bottom,left
0.41106105500442514,0.37624769041517375,6.808679156447114,41.631035453249105,57,262,242,77
