Recall,PositiveRating,PerfRatio,Impact,top,right,bottom,left
0.4187621737697125,0.49475929969449833,7.317730806395899,45.023203169229596,36,262,222,77
