Recall,PositiveRating,PerfRatio,Impact,top,right,bottom,left
0.36827050726650434,0.3813906661079989,6.559679075083272,40.11614336688862,36,262,222,77
