Recall,PositiveRating,PerfRatio,Impact,top,right,bottom,left
0.44452896533559294,0.43397569246881124,6.7833124289311355,41.34088630646224,19,266,242,43
