Recall,PositiveRating,PerfRatio,Impact,top,right,bottom,left
0.4421996163367319,0.4534133278978901,6.946718433808748,42.64972153796323,19,266,242,43
