Recall,PositiveRating,PerfRatio,Impact,top,right,bottom,left
0.40894735027258255,0.4099763370379457,6.668622463780178,41.00764181656395,19,266,242,43
