Recall,PositiveRating,PerfRatio,Impact,top,right,bottom,left
0.4744051675545671,0.4561273754699056,7.1797108303930735,44.12108597207774,36,262,222,77
