Recall,PositiveRating,PerfRatio,Impact,top,right,bottom,left
0.4306290508826006,0.49368021960819025,7.239507271682825,44.5681169145751,19,266,242,43
