Recall,PositiveRating,PerfRatio,Impact,top,right,bottom,left
0.3893496103911088,0.366444790976933,6.412974836094639,39.16239139863004,57,262,242,77
