Recall,PositiveRating,PerfRatio,Impact,top,right,bottom,left
0.4000840150534586,0.38514820799675475,6.942326589114197,42.68209102438831,19,266,242,43
