Recall,PositiveRating,PerfRatio,Impact,top,right,bottom,left
0.4358842425352729,0.3885214675373845,6.286266362616317,38.595538467041564,36,262,222,77
