Recall,PositiveRating,PerfRatio,Impact,top,right,bottom,left
0.43879827269183147,0.42756366508882643,6.771265093830631,41.62279190173634,19,266,242,43
