Recall,PositiveRating,PerfRatio,Impact,top,right,bottom,left
0.4286951351097741,0.41850420085803913,6.397046538260206,39.249847937259084,19,266,242,43
