Recall,PositiveRating,PerfRatio,Impact,top,right,bottom,left
0.46104642100268456,0.45161977397296554,6.85068522578389,41.976077438716985,36,262,222,77
