Recall,PositiveRating,PerfRatio,Impact,top,right,bottom,left
0.43785613618232677,0.435917093072328,7.408909507965691,45.68851843762948,19,266,242,43
