Recall,PositiveRating,PerfRatio,Impact,top,right,bottom,left
0.4307617285909874,0.4046844524284677,6.810868032432702,41.802115674483986,36,262,222,77
