Recall,PositiveRating,PerfRatio,Impact,top,right,bottom,left
0.3988920758342144,0.4969713731874757,7.071501737589673,43.554934194767384,36,262,222,77
