Recall,PositiveRating,PerfRatio,Impact,top,right,bottom,left
0.47441161764927187,0.5136140347898335,7.27934287952729,44.94734552863121,36,262,222,77
