Recall,PositiveRating,PerfRatio,Impact,top,right,bottom,left
0.3644682868579614,0.38657722535261,6.602867692700182,40.45375549854342,19,266,242,43
