Recall,PositiveRating,PerfRatio,Impact,top,right,bottom,left
0.3791408959821575,0.4147538527635289,6.619022356564818,40.62868615363101,36,262,222,77
