Recall,PositiveRating,PerfRatio,Impact,top,right,bottom,left
0.4927105883852365,0.5278884329047852,7.182555207562924,44.21405652455383,19,266,242,43
