Recall,PositiveRating,PerfRatio,Impact,top,right,bottom,left
0.4057008217028467,0.3895534647234648,6.288783975546685,38.463421985100375,36,262,222,77
