Recall,PositiveRating,PerfRatio,Impact,top,right,bottom,left
0.40337490535702536,0.41204491736614474,6.8214415364687655,41.66143278533696,36,262,222,77
