Recall,PositiveRating,PerfRatio,Impact,top,right,bottom,left
0.4100583430155228,0.3916445867072613,6.489158101212781,39.8019779429731,19,266,242,43
