Recall,PositiveRating,PerfRatio,Impact,top,right,bottom,left
0.4499028468455253,0.4017851251104901,6.449648477644493,39.67202302414215,19,266,242,43
