Recall,PositiveRating,PerfRatio,Impact,top,right,bottom,left
0.4112973397803318,0.3915758303539872,6.762804765306485,41.575982636906694,36,262,222,77
