Recall,PositiveRating,PerfRatio,Impact,top,right,bottom,left
0.453901314253386,0.5090698901511977,7.232954951691619,44.21113325901721,19,266,242,43
