Recall,PositiveRating,PerfRatio,Impact,top,right,bottom,left
0.42166995275355235,0.448271316004118,6.535058497223273,40.1960159884414,36,262,222,77
