Recall,PositiveRating,PerfRatio,Impact,top,right,bottom,left
0.4339611387485255,0.4604735644390881,6.723824771808156,41.28237137386554,19,266,242,43
