Recall,PositiveRating,PerfRatio,Impact,top,right,bottom,left
0.3910557509185779,0.4615382505391235,7.014050822126275,42.973710569577314,19,266,242,43
