Recall,PositiveRating,PerfRatio,Impact,top,right,bottom,left
0.44451736056563584,0.3514630149544187,6.539236247577785,39.66763156412309,19,266,242,43
