Recall,PositiveRating,PerfRatio,Impact,top,right,bottom,left
0.38771797913127193,0.3783322253692275,6.4641645467432935,39.45389181211706,19,266,242,43
