Recall,PositiveRating,PerfRatio,Impact,top,right,bottom,left
0.39957412920928426,0.415787222890075,6.434921161295355,39.62696118629359,19,266,242,43
