Recall,PositiveRating,PerfRatio,Impact,top,right,bottom,left
0.39708523681314545,0.41901512676535396,6.517627608937801,39.79271886051096,19,266,242,43
