Recall,PositiveRating,PerfRatio,Impact,top,right,bottom,left
0.4402690966968068,0.4259815890112553,6.814888634817673,41.84190225384816,36,242,222,56
