Recall,PositiveRating,PerfRatio,Impact,top,right,bottom,left
0.4334025837919716,0.39691237308331717,6.8546961352074,42.255520892907214,19,266,242,43
