Recall,PositiveRating,PerfRatio,Impact,top,right,bottom,left
0.4310350137631491,0.4374152149236124,7.035855885919666,43.31966045361253,19,266,242,43
