Recall,PositiveRating,PerfRatio,Impact,top,right,bottom,left
0.40405867620608704,0.5246654003820544,7.341352466349467,45.310537684337326,19,266,242,43
