Recall,PositiveRating,PerfRatio,Impact,top,right,bottom,left
0.4620945664575955,0.5261802232514176,7.516041959021367,46.486396027760215,19,266,242,43
