Recall,PositiveRating,PerfRatio,Impact,top,right,bottom,left
0.4333744603029829,0.5493783831038808,7.273144074980482,44.909229356904284,19,266,242,43
