Recall,PositiveRating,PerfRatio,Impact,top,right,bottom,left
0.46438357575082256,0.4421969563764679,6.719688416044319,40.98192159053187,36,262,222,77
