Recall,PositiveRating,PerfRatio,Impact,top,right,bottom,left
0.4297083777892995,0.47904178418703763,7.204507858763787,44.67037003361131,19,266,242,43
