Recall,PositiveRating,PerfRatio,Impact,top,right,bottom,left
0.4050859033674443,0.44210600233445324,7.051849860072675,43.44506017520644,36,262,222,77
