Recall,PositiveRating,PerfRatio,Impact,top,right,bottom,left
0.42395926892246893,0.4261593060225895,6.9355284033992035,42.26206793561409,19,266,242,43
