Recall,PositiveRating,PerfRatio,Impact,top,right,bottom,left
0.4420162310640965,0.4534667557698116,7.014276284840147,42.90075698474999,36,262,222,77
