Recall,PositiveRating,PerfRatio,Impact,top,right,bottom,left
0.38513959573177703,0.42226814227914305,6.851223828235508,41.830411772352406,36,262,222,77
