Recall,PositiveRating,PerfRatio,Impact,top,right,bottom,left
0.4595667868296446,0.47062410927470605,6.70903457539422,41.16649477050673,43,266,266,43
