Recall,PositiveRating,PerfRatio,Impact,top,right,bottom,left
0.414954414710479,0.4494609089938411,6.770644293455971,41.66730466501928,19,266,242,43
