Recall,PositiveRating,PerfRatio,Impact,top,right,bottom,left
0.4440898100681705,0.5122174873978865,6.92168899312101,42.57948699513677,19,266,242,43
