Recall,PositiveRating,PerfRatio,Impact,top,right,bottom,left
0.4176571308589946,0.3927520101435159,6.273105439515904,38.183363543386,19,266,242,43
