Recall,PositiveRating,PerfRatio,Impact,top,right,bottom,left
0.44775628367065157,0.4366525239648274,7.077821814702127,43.527701445955664,19,266,242,43
