Recall,PositiveRating,PerfRatio,Impact,top,right,bottom,left
0.37411408671305857,0.38184172616431844,6.237506079661742,38.296812917188554,36,262,222,77
