Recall,PositiveRating,PerfRatio,Impact,top,right,bottom,left
0.4157737600972742,0.37691138223811227,6.701364145243332,41.30801724782067,19,266,242,43
