Recall,PositiveRating,PerfRatio,Impact,top,right,bottom,left
0.40968151584128376,0.48351853375694925,6.806653977689383,41.918995100803535,36,262,222,77
