Recall,PositiveRating,PerfRatio,Impact,top,right,bottom,left
0.4055579959022997,0.4384279271088501,6.485763514493161,40.072217858552264,36,262,222,77
