Recall,PositiveRating,PerfRatio,Impact,top,right,bottom,left
0.37777916566464176,0.4452141249330898,6.492321984255536,39.94017943697106,36,262,222,77
