Recall,PositiveRating,PerfRatio,Impact,top,right,bottom,left
0.4434363553141364,0.5428242525702694,7.65384011926613,47.087203500835635,36,262,222,77
