Recall,PositiveRating,PerfRatio,Impact,top,right,bottom,left
0.418792389789545,0.4094589544434602,6.693295518068843,40.873452654625495,43,291,266,68
