Recall,PositiveRating,PerfRatio,Impact,top,right,bottom,left
0.4337002098152475,0.43790563182838277,6.705807761961204,41.150023244151505,36,262,222,77
