Recall,PositiveRating,PerfRatio,Impact,top,right,bottom,left
0.4408061491394585,0.49842519406637625,7.241863874982294,44.64595496464746,36,262,222,77
