Recall,PositiveRating,PerfRatio,Impact,top,right,bottom,left
0.42134794039332824,0.4884618066182191,7.394978570372761,45.57285159812904,43,291,266,68
