Recall,PositiveRating,PerfRatio,Impact,top,right,bottom,left
0.35880365248342305,0.5340578992078024,7.338972661802804,45.19612471982097,19,266,242,43
