Recall,PositiveRating,PerfRatio,Impact,top,right,bottom,left
0.43004635100892297,0.5060002400751463,7.121260539102772,43.77938639702525,19,266,242,43
