Recall,PositiveRating,PerfRatio,Impact,top,right,bottom,left
0.37316137407914773,0.4358210462109587,6.803472232059448,41.88519777559096,19,266,242,43
