Recall,PositiveRating,PerfRatio,Impact,top,right,bottom,left
0.4330005504545478,0.44992739939946597,7.167894992962338,43.97409407886229,19,266,242,43
