Recall,PositiveRating,PerfRatio,Impact,top,right,bottom,left
0.39605157445984074,0.4260947472561581,6.896139747960596,42.35264457599663,19,266,242,43
