Recall,PositiveRating,PerfRatio,Impact,top,right,bottom,left
0.41748306339890806,0.41715678921060745,6.828657622593895,41.64863953680166,36,262,222,77
