Recall,PositiveRating,PerfRatio,Impact,top,right,bottom,left
0.39083017762809014,0.41802290647324175,6.691493054380546,41.48042419951154,19,266,242,43
