Recall,PositiveRating,PerfRatio,Impact,top,right,bottom,left
0.3733904799875014,0.41125974231883117,6.585884105657961,40.56069072703261,19,266,242,43
