Recall,PositiveRating,PerfRatio,Impact,top,right,bottom,left
0.3786763475692073,0.4322560931784602,6.805638299725614,41.96039476693915,19,266,242,43
