Recall,PositiveRating,PerfRatio,Impact,top,right,bottom,left
0.4539550656532845,0.44713088819633257,6.805132527753238,41.59908676837486,19,266,242,43
