Recall,PositiveRating,PerfRatio,Impact,top,right,bottom,left
0.4291947033676239,0.39471988266525393,6.651416803958198,40.553684226234196,19,266,242,43
