Recall,PositiveRating,PerfRatio,Impact,top,right,bottom,left
0.41046729073414423,0.42931459535543665,6.604963947039555,40.556666299771265,19,266,242,43
