Recall,PositiveRating,PerfRatio,Impact,top,right,bottom,left
0.38058841723341097,0.4390025891743225,6.890459556851333,42.314182013567326,19,266,242,43
