Recall,PositiveRating,PerfRatio,Impact,top,right,bottom,left
0.4647376967781901,0.5071047716640479,7.64998736810376,47.51328628974783,19,266,242,43
