Recall,PositiveRating,PerfRatio,Impact,top,right,bottom,left
0.46004162290242534,0.44754722217990045,7.322208664058477,44.99259715168398,36,262,222,77
