Recall,PositiveRating,PerfRatio,Impact,top,right,bottom,left
0.4465027446322186,0.4118587692725712,6.7822542967816055,41.78844117792132,36,262,222,77
