Recall,PositiveRating,PerfRatio,Impact,top,right,bottom,left
0.44499671760885984,0.52260755463809,6.930242466897527,42.61702596986954,19,266,242,43
