Recall,PositiveRating,PerfRatio,Impact,top,right,bottom,left
0.4080197819372904,0.374952975707347,5.869899414737698,35.879462413749735,36,262,222,77
