Recall,PositiveRating,PerfRatio,Impact,top,right,bottom,left
0.39767114945220927,0.39024897379217666,6.682787885323601,40.83421645785696,36,262,222,77
