Recall,PositiveRating,PerfRatio,Impact,top,right,bottom,left
0.38292448619665576,0.3687819000180924,6.36498034178413,38.88217825434749,19,266,242,43
