Recall,PositiveRating,PerfRatio,Impact,top,right,bottom,left
0.378711189978568,0.4349769371507168,6.697868411639464,41.11520310496579,36,262,222,77
