Recall,PositiveRating,PerfRatio,Impact,top,right,bottom,left
0.3854147541037879,0.4493191826542962,6.871913870797463,42.19627993201175,36,262,222,77
