Recall,PositiveRating,PerfRatio,Impact,top,right,bottom,left
0.39657380624941807,0.4313148005011849,6.434597822482104,39.12906732500953,36,262,222,77
