Recall,PositiveRating,PerfRatio,Impact,top,right,bottom,left
0.4282636110570389,0.3876268488257371,6.469702695138494,39.63893129888472,19,266,242,43
