Recall,PositiveRating,PerfRatio,Impact,top,right,bottom,left
0.4416041585225631,0.47399046340248635,7.04913156334351,43.013756262747826,36,262,222,77
