Recall,PositiveRating,PerfRatio,Impact,top,right,bottom,left
0.4307082672917947,0.5330488004088071,7.553139476302215,46.84259096076,19,266,242,43
