Recall,PositiveRating,PerfRatio,Impact,top,right,bottom,left
0.3369056032045068,0.36715280911825593,6.443773395748618,39.92424419954413,19,266,242,43
