Recall,PositiveRating,PerfRatio,Impact,top,right,bottom,left
0.4681163487047576,0.5363795279798412,7.51604687577814,46.155866646796845,19,266,242,43
