Recall,PositiveRating,PerfRatio,Impact,top,right,bottom,left
0.3618701712071588,0.43402265819089486,6.80838735042565,41.83859445671742,36,262,222,77
