Recall,PositiveRating,PerfRatio,Impact,top,right,bottom,left
0.4348012511831806,0.4081731908057857,6.8438292872966295,42.21557084321316,19,266,242,43
