Recall,PositiveRating,PerfRatio,Impact,top,right,bottom,left
0.43792864787824615,0.3942871106433246,6.738336669140906,41.126160545763305,36,262,222,77
