Recall,PositiveRating,PerfRatio,Impact,top,right,bottom,left
0.4368428434115178,0.39784086264285906,6.415782448747285,39.54320597270185,19,266,242,43
