Recall,PositiveRating,PerfRatio,Impact,top,right,bottom,left
0.45568577297416557,0.5341956177550564,7.473011767820719,46.09778514361854,36,262,222,77
