Recall,PositiveRating,PerfRatio,Impact,top,right,bottom,left
0.42870159842625066,0.4917501498570825,7.430510913959552,45.78867614876906,19,266,242,43
