Recall,PositiveRating,PerfRatio,Impact,top,right,bottom,left
0.41146267662107394,0.43979361286596,6.749548195639919,41.09068132986165,36,262,222,77
