Recall,PositiveRating,PerfRatio,Impact,top,right,bottom,left
0.3768181346162397,0.44564508088413296,7.043325336085603,43.42578623733008,36,262,222,77
