Recall,PositiveRating,PerfRatio,Impact,top,right,bottom,left
0.4475144239023109,0.4143529785654055,6.357291802538767,38.61145515749378,19,291,242,68
