Recall,PositiveRating,PerfRatio,Impact,top,right,bottom,left
0.4271741643028457,0.42131895055038165,6.653460536389472,40.6182484281315,36,262,222,77
