Recall,PositiveRating,PerfRatio,Impact,top,right,bottom,left
0.385949164243957,0.43576009961569256,6.829974507664721,41.995347326051615,19,266,242,43
