Recall,PositiveRating,PerfRatio,Impact,top,right,bottom,left
0.4208646833644595,0.5112848254234167,7.351171542739796,45.431859828278235,43,266,266,43
