Recall,PositiveRating,PerfRatio,Impact,top,right,bottom,left
0.44408830257525767,0.38272281061679686,6.4151621409385555,38.958264414876105,19,291,242,68
