Recall,PositiveRating,PerfRatio,Impact,top,right,bottom,left
0.4171493819531369,0.4824527841874035,7.115622244531323,43.97994308501587,36,262,222,77
