Recall,PositiveRating,PerfRatio,Impact,top,right,bottom,left
0.4166945719220223,0.370228545806086,6.210414485239275,37.735565027866585,36,262,222,77
