Recall,PositiveRating,PerfRatio,Impact,top,right,bottom,left
0.410559915043028,0.4926146083395237,7.008371087214092,43.08567228447629,36,262,222,77
