Recall,PositiveRating,PerfRatio,Impact,top,right,bottom,left
0.40076488285480527,0.3834298073980479,6.50874553877057,40.11451183247016,36,262,222,77
