Recall,PositiveRating,PerfRatio,Impact,top,right,bottom,left
0.4360932659691822,0.5291250834438986,7.627597776214776,47.06119444201284,19,266,242,43
