Recall,PositiveRating,PerfRatio,Impact,top,right,bottom,left
0.4236887713688394,0.4683729502755201,6.924824502844782,42.87295350882151,57,262,242,77
