Recall,PositiveRating,PerfRatio,Impact,top,right,bottom,left
0.3656411758063661,0.3866947829824197,6.281927169901445,38.73433169804326,19,266,242,43
