Recall,PositiveRating,PerfRatio,Impact,top,right,bottom,left
0.4056852823111168,0.4274915392788308,6.908429793686326,42.567300456156254,36,262,222,77
