Recall,PositiveRating,PerfRatio,Impact,top,right,bottom,left
0.42324621835086096,0.41922155923211685,6.460248223672048,39.858720975763426,36,262,222,77
