Recall,PositiveRating,PerfRatio,Impact,top,right,bottom,left
0.45673694501915163,0.4775505885574292,7.120189130834771,43.832666757417705,36,262,222,77
