Recall,PositiveRating,PerfRatio,Impact,top,right,bottom,left
0.38555977653701956,0.4053925787990072,6.772879162871994,41.68668528532653,36,262,222,77
