Recall,PositiveRating,PerfRatio,Impact,top,right,bottom,left
0.42656384888924115,0.4326558306790598,6.916053567946083,42.71868535161403,19,266,242,43
