Recall,PositiveRating,PerfRatio,Impact,top,right,bottom,left
0.46719927227502855,0.542438714506172,7.81494245811458,48.04081662198233,36,262,222,77
