Recall,PositiveRating,PerfRatio,Impact,top,right,bottom,left
0.4006453979557292,0.46424924741993184,6.911050963037703,42.53700547738327,36,262,222,77
