Recall,PositiveRating,PerfRatio,Impact,top,right,bottom,left
0.42253927982048456,0.4889546700646346,7.063073194967747,43.45275941405738,19,266,242,43
