Recall,PositiveRating,PerfRatio,Impact,top,right,bottom,left
0.4538481990049479,0.4641076505993876,6.861095930399319,42.12895695622459,36,262,222,77
