Recall,PositiveRating,PerfRatio,Impact,top,right,bottom,left
0.4395298034533963,0.45978850634595586,6.8394885469669235,41.76665498441753,36,262,222,77
