Recall,PositiveRating,PerfRatio,Impact,top,right,bottom,left
0.4522838915957289,0.4269396448905686,7.112726850938003,43.62655628751083,82,225,211,96
