Recall,PositiveRating,PerfRatio,Impact,top,right,bottom,left
0.3415568018849404,0.37043117006513615,6.512872331947672,40.104237447618175,19,266,242,43
