Recall,PositiveRating,PerfRatio,Impact,top,right,bottom,left
0.36729658878182603,0.3550538161583598,6.272665578713241,38.58736066878181,19,266,242,43
