Recall,PositiveRating,PerfRatio,Impact,top,right,bottom,left
0.45838555493212785,0.48779699067589993,7.169107155817013,44.32531932688814,36,262,222,77
