Recall,PositiveRating,PerfRatio,Impact,top,right,bottom,left
0.38556992824666625,0.46951093188150367,6.739925213408332,41.5622442096967,19,266,242,43
