Recall,PositiveRating,PerfRatio,Impact,top,right,bottom,left
0.41321256959806685,0.5485573998996857,7.431801486205675,45.813239227924655,36,262,222,77
