Recall,PositiveRating,PerfRatio,Impact,top,right,bottom,left
0.43764993794071816,0.5180551152991703,7.421209299728879,45.807111448603905,19,266,242,43
