Recall,PositiveRating,PerfRatio,Impact,top,right,bottom,left
0.35310924478686534,0.3964035633487292,6.952089240314455,42.905847158629456,19,266,242,43
