Recall,PositiveRating,PerfRatio,Impact,top,right,bottom,left
0.36876310235382015,0.362057052981822,6.202269597369403,38.09774328458856,19,266,242,43
