Recall,PositiveRating,PerfRatio,Impact,top,right,bottom,left
0.4397131343765358,0.39780812035831375,6.740547860733823,41.27048673598201,19,266,242,43
