Recall,PositiveRating,PerfRatio,Impact,top,right,bottom,left
0.4088572151977732,0.4710802518311384,7.0524652277919175,43.303821227248456,36,262,222,77
