Recall,PositiveRating,PerfRatio,Impact,top,right,bottom,left
0.38130077711495614,0.4440324544997713,6.678138594635897,41.21486870544169,19,266,242,43
