Recall,PositiveRating,PerfRatio,Impact,top,right,bottom,left
0.45610169322836924,0.4594734603597333,7.069210048510994,43.499460421827635,19,266,242,43
