Recall,PositiveRating,PerfRatio,Impact,top,right,bottom,left
0.37302528693504367,0.37364452508517143,6.605530227534475,40.434382696266795,19,266,242,43
