Recall,PositiveRating,PerfRatio,Impact,top,right,bottom,left
0.3639806847633401,0.41953070962328726,6.948616062810381,42.490774063136186,19,266,242,43
