Recall,PositiveRating,PerfRatio,Impact,top,right,bottom,left
0.47948982350492053,0.42411124482302826,6.486901774589231,39.577346024659704,19,266,242,43
