Recall,PositiveRating,PerfRatio,Impact,top,right,bottom,left
0.4008352307740448,0.4227439255350978,6.872804323491426,42.3019055025711,36,262,222,77
