Recall,PositiveRating,PerfRatio,Impact,top,right,bottom,left
0.4779281879583861,0.5474754256881309,7.470967817821185,46.54280951031539,19,266,242,43
