Recall,PositiveRating,PerfRatio,Impact,top,right,bottom,left
0.42480925183190155,0.4328578305850775,6.690311911147576,40.660930087767554,19,266,242,43
