Recall,PositiveRating,PerfRatio,Impact,top,right,bottom,left
0.44979425313687205,0.4729755411304087,6.922070724884353,42.298469498764675,43,291,266,68
