Recall,PositiveRating,PerfRatio,Impact,top,right,bottom,left
0.4248999808581212,0.4455173698005113,7.074358767588707,43.177025675385394,36,262,222,77
