Recall,PositiveRating,PerfRatio,Impact,top,right,bottom,left
0.4002876999255697,0.3938051497244545,6.653837587554923,40.96882883693272,19,266,242,43
