Recall,PositiveRating,PerfRatio,Impact,top,right,bottom,left
0.3539568984912198,0.40227306168894256,6.618052409869538,40.90498367481171,19,266,242,43
