Recall,PositiveRating,PerfRatio,Impact,top,right,bottom,left
0.39394282872774966,0.526890879939366,7.030341472138163,43.484556625050445,19,266,242,43
