Recall,PositiveRating,PerfRatio,Impact,top,right,bottom,left
0.4408242060750214,0.5023975652417813,7.19693845032787,44.3079226869535,19,266,242,43
