Recall,PositiveRating,PerfRatio,Impact,top,right,bottom,left
0.4270326635854256,0.4736537711959857,7.353881766953328,45.266077926931985,36,262,222,77
