Recall,PositiveRating,PerfRatio,Impact,top,right,bottom,left
0.42563971015149293,0.4828509121878311,7.342722844909937,45.39359429615732,43,291,266,68
