Recall,PositiveRating,PerfRatio,Impact,top,right,bottom,left
0.4446837875325378,0.39361875825330006,6.693041602810547,40.77945575322113,36,262,222,77
