Recall,PositiveRating,PerfRatio,Impact,top,right,bottom,left
0.40597703107826855,0.43138192415030524,7.316703308997228,44.93244296432088,36,262,222,77
