Recall,PositiveRating,PerfRatio,Impact,top,right,bottom,left
0.3863331511170859,0.5026372603342065,7.045849917947238,43.34913282177916,36,262,222,77
