Recall,PositiveRating,PerfRatio,Impact,top,right,bottom,left
0.4655054956237228,0.48762081972651156,7.244165701337059,44.56104377371681,19,266,242,43
