Recall,PositiveRating,PerfRatio,Impact,top,right,bottom,left
0.4567619014050939,0.5175883171691977,7.420559329031139,45.69569465840871,36,262,222,77
