Recall,PositiveRating,PerfRatio,Impact,top,right,bottom,left
0.3950155278750299,0.37242052419304267,5.9617352944205955,36.30074962169775,19,266,242,43
