Recall,PositiveRating,PerfRatio,Impact,top,right,bottom,left
0.4408765282171796,0.4128582415260194,6.6028038298235305,40.39732834184391,36,262,222,77
