Recall,PositiveRating,PerfRatio,Impact,top,right,bottom,left
0.450329424326822,0.39191264825712163,6.50932983227036,39.57991954100234,19,266,242,43
