Recall,PositiveRating,PerfRatio,Impact,top,right,bottom,left
0.40681196959147614,0.5075468722373592,7.115200145568175,43.739339006815314,19,266,242,43
