Recall,PositiveRating,PerfRatio,Impact,top,right,bottom,left
0.42102683164669585,0.4898022120538062,7.2019453172170005,44.347284415508746,36,262,222,77
