Recall,PositiveRating,PerfRatio,Impact,top,right,bottom,left
0.4270920393700679,0.42196860305646916,6.737699504789898,41.64227651160069,19,266,242,43
