Recall,PositiveRating,PerfRatio,Impact,top,right,bottom,left
0.37930132750229884,0.36206521069863895,6.311757832541034,38.61988136118991,36,262,222,77
