Recall,PositiveRating,PerfRatio,Impact,top,right,bottom,left
0.40191272998012717,0.48217637162454735,6.903656423776939,42.35556793326702,19,266,242,43
