Recall,PositiveRating,PerfRatio,Impact,top,right,bottom,left
0.38275079739466167,0.3875567853076153,6.09487415309203,37.49509868738768,36,262,222,77
