Recall,PositiveRating,PerfRatio,Impact,top,right,bottom,left
0.397188068479879,0.3765507514163484,6.719877409742015,41.47481199481288,19,266,242,43
