Recall,PositiveRating,PerfRatio,Impact,top,right,bottom,left
0.40567786642979076,0.5019105439411312,6.702507539234299,41.49802817145291,19,266,242,43
