Recall,PositiveRating,PerfRatio,Impact,top,right,bottom,left
0.3893574576538764,0.4275686371384098,6.426206224580812,39.18037578134831,36,262,222,77
