Recall,PositiveRating,PerfRatio,Impact,top,right,bottom,left
0.4200272716235377,0.4687598871541267,7.5086178738697535,46.08787220499754,36,262,222,77
