Recall,PositiveRating,PerfRatio,Impact,top,right,bottom,left
0.4391159021001354,0.4850199690386057,7.051872489483929,43.15556454639156,19,266,242,43
