Recall,PositiveRating,PerfRatio,Impact,top,right,bottom,left
0.4567098900403107,0.5124114146060098,7.441356026128494,46.01135140977864,19,266,242,43
