Recall,PositiveRating,PerfRatio,Impact,top,right,bottom,left
0.3882973680549594,0.4570682306018142,7.280044370694562,44.848544606933714,36,262,222,77
