Recall,PositiveRating,PerfRatio,Impact,top,right,bottom,left
0.3713197450176421,0.4132507397682728,6.923510898185725,42.58842824124453,19,266,242,43
