Recall,PositiveRating,PerfRatio,Impact,top,right,bottom,left
0.39218855827008925,0.46178219919576474,6.946316029583409,42.47128970517383,36,262,222,77
