Recall,PositiveRating,PerfRatio,Impact,top,right,bottom,left
0.37389697514131126,0.33902455909390816,6.3330693042350745,39.03261773814405,19,266,242,43
