Recall,PositiveRating,PerfRatio,Impact,top,right,bottom,left
0.46336838644562917,0.4718706984977031,7.457609045541117,46.109583943666166,36,262,222,77
