Recall,PositiveRating,PerfRatio,Impact,top,right,bottom,left
0.4588091420690773,0.4151605897837896,6.715672675819599,41.040554264833695,19,266,242,43
