Recall,PositiveRating,PerfRatio,Impact,top,right,bottom,left
0.4954602176474123,0.4653217399795378,6.520479696904267,39.92076966735445,36,262,222,77
