Recall,PositiveRating,PerfRatio,Impact,top,right,bottom,left
0.4543320864380933,0.48361357401763067,7.441651744749278,46.01201751051824,19,266,242,43
