Recall,PositiveRating,PerfRatio,Impact,top,right,bottom,left
0.4185187209716351,0.3893717058906866,6.8091298360763215,42.42431698423247,19,266,242,43
