Recall,PositiveRating,PerfRatio,Impact,top,right,bottom,left
0.41682895260276664,0.46001062714304314,6.931903635064081,43.060125827248186,36,262,222,77
