Recall,PositiveRating,PerfRatio,Impact,top,right,bottom,left
0.41396723497815424,0.4113399914668729,6.418074586268563,39.53396976177368,19,266,242,43
