Recall,PositiveRating,PerfRatio,Impact,top,right,bottom,left
0.4286069710490743,0.4905581306253049,7.243119073160214,44.41996136631354,19,266,242,43
