Recall,PositiveRating,PerfRatio,Impact,top,right,bottom,left
0.4270794009664568,0.4299389463001076,6.609824595489826,40.29516374534543,36,262,222,77
