Recall,PositiveRating,PerfRatio,Impact,top,right,bottom,left
0.3777739579079006,0.3715390608134039,6.813996425159073,42.133058662607475,19,291,242,68
