Recall,PositiveRating,PerfRatio,Impact,top,right,bottom,left
0.42617199136358297,0.39340167120706854,6.364324726583884,39.32483525757083,19,266,242,43
