Recall,PositiveRating,PerfRatio,Impact,top,right,bottom,left
0.4244939198840997,0.4930775858865914,7.507884829148445,46.325521371470664,19,266,242,43
