Recall,PositiveRating,PerfRatio,Impact,top,right,bottom,left
0.40425256708355084,0.44802840949587347,7.323256222846958,45.06429088665305,19,266,242,43
