Recall,PositiveRating,PerfRatio,Impact,top,right,bottom,left
0.4874144841906495,0.5225767895723149,7.041937183720201,43.321615759171515,36,262,222,77
