Recall,PositiveRating,PerfRatio,Impact,top,right,bottom,left
0.4172380337699412,0.49239521234050515,7.018182116614562,43.31692709780356,19,266,242,43
