Recall,PositiveRating,PerfRatio,Impact,top,right,bottom,left
0.44984523033857327,0.44725693210532574,7.35784057003802,45.61295691042706,19,266,242,43
