Recall,PositiveRating,PerfRatio,Impact,top,right,bottom,left
0.4938978831644535,0.5022982323713564,7.151255460043731,44.0421406329655,19,266,242,43
