Recall,PositiveRating,PerfRatio,Impact,top,right,bottom,left
0.4314003035879468,0.4646056161314625,7.052262857291661,42.99078498722996,19,266,242,43
