Recall,PositiveRating,PerfRatio,Impact,top,right,bottom,left
0.4363463787600129,0.47773810707920966,7.2592560563781845,44.71010247270503,19,266,242,43
