Recall,PositiveRating,PerfRatio,Impact,top,right,bottom,left
0.4191653383451802,0.41161184680343404,6.760542988354608,41.52932486255286,19,266,242,43
