Recall,PositiveRating,PerfRatio,Impact,top,right,bottom,left
0.48323065860417946,0.5738526138436358,7.588004994068838,46.808301421088174,43,266,266,43
