Recall,PositiveRating,PerfRatio,Impact,top,right,bottom,left
0.34817309180181566,0.4537841979729345,7.157562961764068,44.27286186646781,19,266,242,43
