Recall,PositiveRating,PerfRatio,Impact,top,right,bottom,left
0.3853948890641091,0.4439418915415763,6.641151710012217,40.93926528890443,19,291,242,68
