Recall,PositiveRating,PerfRatio,Impact,top,right,bottom,left
0.48892439785613995,0.5502717940116526,7.629006635294763,47.30557255588286,19,266,242,43
