Recall,PositiveRating,PerfRatio,Impact,top,right,bottom,left
0.387970507704009,0.4622296298493181,6.973298049150887,42.84024018228781,36,262,222,77
