Recall,PositiveRating,PerfRatio,Impact,top,right,bottom,left
0.45777020411767566,0.4624697537504446,7.253396617213924,44.660705794604574,19,266,242,43
