Recall,PositiveRating,PerfRatio,Impact,top,right,bottom,left
0.4314265857985785,0.4750876081402749,7.2972990192579745,44.833182830620835,19,266,242,43
