Recall,PositiveRating,PerfRatio,Impact,top,right,bottom,left
0.473973380126373,0.5325922427902406,7.1173302560188265,43.39176258754756,36,262,222,77
