Recall,PositiveRating,PerfRatio,Impact,top,right,bottom,left
0.3750273327581416,0.37355331698104777,6.433278072534367,39.1285902776965,19,291,242,68
