Recall,PositiveRating,PerfRatio,Impact,top,right,bottom,left
0.47473793648629814,0.5411181195664352,7.5535536755308925,46.44562847291011,19,266,242,43
