Recall,PositiveRating,PerfRatio,Impact,top,right,bottom,left
0.407837839397172,0.44670549920691166,6.918947170172386,42.59895620860094,36,262,222,77
