Recall,PositiveRating,PerfRatio,Impact,top,right,bottom,left
0.437424128327887,0.46658819312684535,6.918848370407404,42.24892676410847,36,262,222,77
