Recall,PositiveRating,PerfRatio,Impact,top,right,bottom,left
0.3995266523400044,0.41719753986168945,6.635628476059944,40.906927517968604,36,262,222,77
