Recall,PositiveRating,PerfRatio,Impact,top,right,bottom,left
0.3726651178399397,0.4270888426016331,6.547973804571493,40.28486905716998,36,262,222,77
