Recall,PositiveRating,PerfRatio,Impact,top,right,bottom,left
0.4032020247746054,0.47501790663634264,7.186540648069228,44.184145186422626,36,262,222,77
