Recall,PositiveRating,PerfRatio,Impact,top,right,bottom,left
0.4261519160026266,0.5039928973437392,7.120027071076015,43.813358731989865,19,266,242,43
