Recall,PositiveRating,PerfRatio,Impact,top,right,bottom,left
0.4759962955016853,0.4090593976463029,6.598889969026362,40.34416901998756,19,266,242,43
