Recall,PositiveRating,PerfRatio,Impact,top,right,bottom,left
0.4556528240255585,0.5094251023486145,7.204650882432964,44.43257597635062,36,262,222,77
