Recall,PositiveRating,PerfRatio,Impact,top,right,bottom,left
0.35885444853824433,0.43020359138509484,6.841030049342061,41.93079954839307,19,266,242,43
