Recall,PositiveRating,PerfRatio,Impact,top,right,bottom,left
0.3846980289604489,0.4396653485350482,6.805255411640818,41.81512119677775,19,266,242,43
