Recall,PositiveRating,PerfRatio,Impact,top,right,bottom,left
0.4425010468853292,0.47589549311400753,7.081875857746001,43.21180936414836,19,266,242,43
