Recall,PositiveRating,PerfRatio,Impact,top,right,bottom,left
0.43734678934295346,0.46942425064435894,7.402971107937849,45.71428735379169,19,266,242,43
