Recall,PositiveRating,PerfRatio,Impact,top,right,bottom,left
0.4411425888613023,0.40125557230028724,6.51435700505685,39.9140827209001,36,262,222,77
