Recall,PositiveRating,PerfRatio,Impact,top,right,bottom,left
0.45221120080475885,0.424382945240013,7.078239650900292,43.28286863985852,36,262,222,77
