Recall,PositiveRating,PerfRatio,Impact,top,right,bottom,left
0.46198179899767744,0.4461074511344088,7.221014049124387,44.37142212620352,19,266,242,43
