Recall,PositiveRating,PerfRatio,Impact,top,right,bottom,left
0.4151093271373193,0.4033397766553308,7.158679778447854,44.35272258384323,19,266,242,43
