Recall,PositiveRating,PerfRatio,Impact,top,right,bottom,left
0.4514427809879449,0.3726382618629243,6.170405847296538,37.61765392363654,19,266,242,43
