Recall,PositiveRating,PerfRatio,Impact,top,right,bottom,left
0.46464221940139494,0.3922615221047265,6.5593467562200605,40.18415764350229,36,262,222,77
