Recall,PositiveRating,PerfRatio,Impact,top,right,bottom,left
0.4263482984671687,0.4122473735453141,6.88767381403097,42.048251579812316,43,291,266,68
