Recall,PositiveRating,PerfRatio,Impact,top,right,bottom,left
0.39931703543355546,0.4338545021753398,6.796551142809998,41.98949836786866,36,262,222,77
