Recall,PositiveRating,PerfRatio,Impact,top,right,bottom,left
0.4529632889570432,0.4553752178931712,7.075490159864645,43.514822817931,19,266,242,43
