Recall,PositiveRating,PerfRatio,Impact,top,right,bottom,left
0.3694376979650935,0.3990063417441874,6.823559539464184,41.59801899747498,36,262,222,77
