Recall,PositiveRating,PerfRatio,Impact,top,right,bottom,left
0.37379498387888466,0.42209719643145055,6.852190788051979,42.15720449875332,19,266,242,43
