Recall,PositiveRating,PerfRatio,Impact,top,right,bottom,left
0.4419795479566684,0.38466022220189683,6.043311670954217,36.88381478559069,36,262,222,77
