Recall,PositiveRating,PerfRatio,Impact,top,right,bottom,left
0.500283958755394,0.5697355109527183,7.5754734430688595,46.607617914645814,36,262,222,77
