Recall,PositiveRating,PerfRatio,Impact,top,right,bottom,left
0.37834624210298695,0.42190443865448907,6.784656758272966,41.534952920582825,36,262,222,77
