Recall,PositiveRating,PerfRatio,Impact,top,right,bottom,left
0.41412026543282,0.43448568864581244,7.153093257418064,44.23031817816826,36,262,222,77
