Recall,PositiveRating,PerfRatio,Impact,top,right,bottom,left
0.4427583590637433,0.3988011212392141,6.8853488264600715,41.90927422290862,36,262,222,77
