Recall,PositiveRating,PerfRatio,Impact,top,right,bottom,left
0.45587760697701774,0.4587611809122408,7.079080136311176,43.453246754029195,36,262,222,77
