Recall,PositiveRating,PerfRatio,Impact,top,right,bottom,left
0.44372622307326515,0.43011608996344425,6.94851379792831,42.563910320184675,36,262,222,77
