Recall,PositiveRating,PerfRatio,Impact,top,right,bottom,left
0.43423096997264254,0.4131201717614001,7.115191306372236,43.77619446705413,36,262,222,77
