Recall,PositiveRating,PerfRatio,Impact,top,right,bottom,left
0.42079705477182794,0.48015003912930304,7.340516513903925,44.94267255619687,43,291,266,68
