Recall,PositiveRating,PerfRatio,Impact,top,right,bottom,left
0.34735288120634245,0.36866778715099247,6.72138562466912,41.57458517986944,19,266,242,43
