Recall,PositiveRating,PerfRatio,Impact,top,right,bottom,left
0.3505045586355239,0.4657149180481129,6.780500032865373,41.7421828356581,36,262,222,77
