Recall,PositiveRating,PerfRatio,Impact,top,right,bottom,left
0.4307061926153971,0.4292644741933053,6.604271571635432,40.34078772203963,36,262,222,77
