Recall,PositiveRating,PerfRatio,Impact,top,right,bottom,left
0.4268119540589057,0.44054775295554277,7.1678832707583275,44.14328368698212,19,266,242,43
