Recall,PositiveRating,PerfRatio,Impact,top,right,bottom,left
0.3762979143901882,0.4408046707477398,6.5954921877866735,40.742035024257476,19,266,242,43
