Recall,PositiveRating,PerfRatio,Impact,top,right,bottom,left
0.4099477959777329,0.4098914173051494,6.3213724024028455,38.60265108484136,36,262,222,77
