Recall,PositiveRating,PerfRatio,Impact,top,right,bottom,left
0.40384574325431155,0.5071001016067088,6.981051605527578,43.137201993186935,19,266,242,43
