Recall,PositiveRating,PerfRatio,Impact,top,right,bottom,left
0.45689372816185647,0.42174566982324985,6.612927317685651,40.502310596472135,19,266,242,43
