Recall,PositiveRating,PerfRatio,Impact,top,right,bottom,left
0.4759803325615525,0.46890588318678567,7.268349983424547,44.379741012728324,19,266,242,43
