Recall,PositiveRating,PerfRatio,Impact,top,right,bottom,left
0.4237024662346949,0.39194431649659894,6.808023247607328,41.847093455313725,36,262,222,77
