Recall,PositiveRating,PerfRatio,Impact,top,right,bottom,left
0.44823518930721185,0.511019068325093,7.2450438857433985,44.75746169376488,19,266,242,43
