Recall,PositiveRating,PerfRatio,Impact,top,right,bottom,left
0.3789112999696309,0.3210190001899257,6.040712911054266,37.106703032040485,36,262,222,77
