Recall,PositiveRating,PerfRatio,Impact,top,right,bottom,left
0.4357626833161654,0.4352715469413207,7.03685405777188,43.13553323467546,36,262,222,77
