Recall,PositiveRating,PerfRatio,Impact,top,right,bottom,left
0.3918427207937677,0.504965153949373,7.495432463878861,46.42787605835191,19,266,242,43
