Recall,PositiveRating,PerfRatio,Impact,top,right,bottom,left
0.38561548551530045,0.4116140431940046,6.705640116349017,41.47389579460749,36,262,222,77
