Recall,PositiveRating,PerfRatio,Impact,top,right,bottom,left
0.4454265579634916,0.39900253680458114,6.485294189652605,39.56931116455707,36,262,222,77
