Recall,PositiveRating,PerfRatio,Impact,top,right,bottom,left
0.39246743985384325,0.4141521157372366,6.660212571129335,41.265075231627975,19,266,242,43
