Recall,PositiveRating,PerfRatio,Impact,top,right,bottom,left
0.40185080651160376,0.3923342996265061,6.845829160714642,42.272254705488244,19,266,242,43
