Recall,PositiveRating,PerfRatio,Impact,top,right,bottom,left
0.4229029664099462,0.3857358896196914,6.390807680958616,39.28673114585499,36,262,222,77
