Recall,PositiveRating,PerfRatio,Impact,top,right,bottom,left
0.45711592071309437,0.4574688535530747,6.880150594218705,41.974525512534115,36,262,222,77
