Recall,PositiveRating,PerfRatio,Impact,top,right,bottom,left
0.43551433841895415,0.41507470284656195,6.486972610367156,40.038609879659234,36,262,222,77
