Recall,PositiveRating,PerfRatio,Impact,top,right,bottom,left
0.48643235511189753,0.5656934383837341,7.613463010402574,47.407942779886945,36,262,222,77
