Recall,PositiveRating,PerfRatio,Impact,top,right,bottom,left
0.394446994676136,0.374840439223381,6.690399687164384,41.09149974390058,19,266,242,43
