Recall,PositiveRating,PerfRatio,Impact,top,right,bottom,left
0.42388099968129356,0.5052698501664166,7.1737997963455715,44.11036990671303,36,262,222,77
