Recall,PositiveRating,PerfRatio,Impact,top,right,bottom,left
0.44949025171184964,0.40610061389378066,6.829694455703052,41.95529093163478,19,266,242,43
