Recall,PositiveRating,PerfRatio,Impact,top,right,bottom,left
0.4011937320287301,0.4683468710472239,6.953422113613425,42.84673277361099,36,262,222,77
