Recall,PositiveRating,PerfRatio,Impact,top,right,bottom,left
0.41229446197101505,0.4309827569555536,6.938850867255349,42.490200983285916,19,266,242,43
