Recall,PositiveRating,PerfRatio,Impact,top,right,bottom,left
0.3386203208737707,0.43746116931968065,7.064964237490555,43.39618945966124,36,262,222,77
