Recall,PositiveRating,PerfRatio,Impact,top,right,bottom,left
0.4384343038051456,0.4754797262444875,6.9610396877628045,42.68532197819491,36,262,222,77
