Recall,PositiveRating,PerfRatio,Impact,top,right,bottom,left
0.3992108545260068,0.4986577464988485,7.435323947168125,45.61785776761009,36,262,222,77
