Recall,PositiveRating,PerfRatio,Impact,top,right,bottom,left
0.4005296888392328,0.4138909517881367,6.657792777180523,40.7763622501676,43,291,266,68
