Recall,PositiveRating,PerfRatio,Impact,top,right,bottom,left
0.41008952595563297,0.4277531274904816,6.733844480449068,41.61918362142706,36,262,222,77
