Recall,PositiveRating,PerfRatio,Impact,top,right,bottom,left
0.40085592089308564,0.376700512148712,6.674367525414656,41.10024334024475,36,262,222,77
