Recall,PositiveRating,PerfRatio,Impact,top,right,bottom,left
0.3935885577950271,0.423298576022573,6.852715890231462,42.30810744063744,36,262,222,77
