Recall,PositiveRating,PerfRatio,Impact,top,right,bottom,left
0.4427560164246386,0.4267075442846608,7.166742420335906,44.11356507998003,36,262,222,77
