Recall,PositiveRating,PerfRatio,Impact,top,right,bottom,left
0.41939800219815304,0.5078201427164716,7.556644185662916,46.59295261938538,43,266,266,43
