Recall,PositiveRating,PerfRatio,Impact,top,right,bottom,left
0.4747276917289007,0.5011944409151644,7.17042505088254,44.06062453683686,19,266,242,43
