Recall,PositiveRating,PerfRatio,Impact,top,right,bottom,left
0.3745447166408177,0.4310604031488257,6.8781840599074435,42.407425450604556,36,262,222,77
