Recall,PositiveRating,PerfRatio,Impact,top,right,bottom,left
0.4134721523821815,0.39056345562814787,6.86770944748948,42.27238404679279,19,291,242,68
