Recall,PositiveRating,PerfRatio,Impact,top,right,bottom,left
0.4649557609430087,0.41670696436172233,6.693279561983443,40.810735255671965,36,262,222,77
