Recall,PositiveRating,PerfRatio,Impact,top,right,bottom,left
0.4291367786055992,0.4246824751102824,6.925075839183896,42.217570165144195,36,262,222,77
