Recall,PositiveRating,PerfRatio,Impact,top,right,bottom,left
0.4348618409367466,0.4498821306220256,6.755483163613708,41.601882169594965,36,262,222,77
