Recall,PositiveRating,PerfRatio,Impact,top,right,bottom,left
0.45694174751269734,0.4355425562804119,6.8592605447136785,42.30067477814643,19,266,242,43
