Recall,PositiveRating,PerfRatio,Impact,top,right,bottom,left
0.41055408765792145,0.40086430444618,6.603006569205775,40.68958278804566,19,266,242,43
