Recall,PositiveRating,PerfRatio,Impact,top,right,bottom,left
0.36814271895195294,0.4912518313362278,6.798271063085331,42.19932054109688,36,262,222,77
