Recall,PositiveRating,PerfRatio,Impact,top,right,bottom,left
0.4592803971020344,0.50411140239316,7.255616125070308,44.45578913648123,36,262,222,77
