Recall,PositiveRating,PerfRatio,Impact,top,right,bottom,left
0.45877885140006514,0.48359109176698784,6.853684942940431,41.72841452701123,36,262,222,77
