Recall,PositiveRating,PerfRatio,Impact,top,right,bottom,left
0.4221675497664932,0.40428690282623,6.74046733631463,41.320911771151394,36,262,222,77
