Recall,PositiveRating,PerfRatio,Impact,top,right,bottom,left
0.392029567859687,0.3538457900257034,6.165136363987344,37.59034290637691,36,262,222,77
