Recall,PositiveRating,PerfRatio,Impact,top,right,bottom,left
0.42137264805258456,0.44627629850274714,6.9040864845318195,42.34293645981034,36,262,222,77
