Recall,PositiveRating,PerfRatio,Impact,top,right,bottom,left
0.45571204727173364,0.3873706376511891,6.638086727906242,40.51652618588639,36,262,222,77
