Recall,PositiveRating,PerfRatio,Impact,top,right,bottom,left
0.3916655099232118,0.34691856368927604,6.258660783825981,38.09782662442474,36,262,222,77
