Recall,PositiveRating,PerfRatio,Impact,top,right,bottom,left
0.41934478288127086,0.41975520437858166,7.009164166756425,43.049334831175464,36,262,222,77
