Recall,PositiveRating,PerfRatio,Impact,top,right,bottom,left
0.412219394298844,0.46217783752371716,6.892024481063716,42.08752972003238,36,262,222,77
