Recall,PositiveRating,PerfRatio,Impact,top,right,bottom,left
0.4222880354405071,0.4305536144647309,6.605194027742945,40.59717652335403,36,262,222,77
