Recall,PositiveRating,PerfRatio,Impact,top,right,bottom,left
0.4664829765278714,0.43972288063372394,7.0035720907340835,42.89231099551445,36,262,222,77
