Recall,PositiveRating,PerfRatio,Impact,top,right,bottom,left
0.41282963201423695,0.44828123428071415,6.742939220235938,41.49943945065138,36,262,222,77
