Recall,PositiveRating,PerfRatio,Impact,top,right,bottom,left
0.3712120550040551,0.3913214316087307,6.421901020534625,39.60622271613577,36,262,222,77
