Recall,PositiveRating,PerfRatio,Impact,top,right,bottom,left
0.45251031027505817,0.4633236667368957,6.995811713962571,43.18217968859442,19,266,242,43
