Recall,PositiveRating,PerfRatio,Impact,top,right,bottom,left
0.43160712058309936,0.4065311507510007,6.29036125347825,38.57733767417079,36,262,222,77
