Recall,PositiveRating,PerfRatio,Impact,top,right,bottom,left
0.43364756895802314,0.41316415577611093,6.3930046171726715,39.16128390093686,19,291,242,68
