Recall,PositiveRating,PerfRatio,Impact,top,right,bottom,left
0.4386662911178375,0.402004258803564,6.055783449790526,36.63830714700548,36,262,222,77
