Recall,PositiveRating,PerfRatio,Impact,top,right,bottom,left
0.4793838974560717,0.4750474154963818,7.305933224539717,44.95099516735117,19,266,242,43
