Recall,PositiveRating,PerfRatio,Impact,top,right,bottom,left
0.430041014937665,0.4011599809464999,6.9811184496650265,42.995914305124764,36,262,222,77
