Recall,PositiveRating,PerfRatio,Impact,top,right,bottom,left
0.4192947908238529,0.40863537488519724,6.473873997990124,39.507569867879226,19,266,242,43
