Recall,PositiveRating,PerfRatio,Impact,top,right,bottom,left
0.44463618738394295,0.3761016952662989,6.262591504835382,38.11362529455442,19,266,242,43
