Recall,PositiveRating,PerfRatio,Impact,top,right,bottom,left
0.478427079724158,0.49018644719877874,7.227163583588035,44.53335986576686,36,262,222,77
