Recall,PositiveRating,PerfRatio,Impact,top,right,bottom,left
0.40849056819379526,0.46141028936064626,6.9285206377884245,42.68891046118102,36,262,222,77
