Recall,PositiveRating,PerfRatio,Impact,top,right,bottom,left
0.38519865971951717,0.3919258818963254,6.706820934413553,41.358760174001425,36,262,222,77
