Recall,PositiveRating,PerfRatio,Impact,top,right,bottom,left
0.41400029367327185,0.4765292636889213,7.301883330424658,45.02198786788789,36,262,222,77
