Recall,PositiveRating,PerfRatio,Impact,top,right,bottom,left
0.42367603251342056,0.35313280179016937,6.123363686240877,37.146183281649236,36,262,222,77
