Recall,PositiveRating,PerfRatio,Impact,top,right,bottom,left
0.4232817033082511,0.44944119057288107,7.06297701871539,43.394985910336665,19,266,242,43
