Recall,PositiveRating,PerfRatio,Impact,top,right,bottom,left
0.42422373299012595,0.48893654202560016,6.980028916908065,42.984559992468746,36,262,222,77
