Recall,PositiveRating,PerfRatio,Impact,top,right,bottom,left
0.40879236361734717,0.34507727024514673,5.61403421387177,33.966614461007026,36,262,222,77
