Recall,PositiveRating,PerfRatio,Impact,top,right,bottom,left
0.36213247714019303,0.3631338122560021,6.076377178090952,37.22899416267948,19,291,242,68
