Recall,PositiveRating,PerfRatio,Impact,top,right,bottom,left
0.4168022073749622,0.529093694653495,7.114544890022778,44.12919574006289,36,262,222,77
