Recall,PositiveRating,PerfRatio,Impact,top,right,bottom,left
0.43572301335521757,0.4988549702731629,7.057572546834749,43.753923121014545,19,266,242,43
