Recall,PositiveRating,PerfRatio,Impact,top,right,bottom,left
0.45893560164530156,0.48620856106381255,7.270307069059972,45.03313121598347,36,262,222,77
