Recall,PositiveRating,PerfRatio,Impact,top,right,bottom,left
0.4199802831318321,0.4336810145663534,6.988041786974134,42.971730592457824,19,291,242,68
