Recall,PositiveRating,PerfRatio,Impact,top,right,bottom,left
0.4285301124165467,0.4748057053638231,7.142938568767001,43.91592341366537,36,262,222,77
