Recall,PositiveRating,PerfRatio,Impact,top,right,bottom,left
0.43730856096070714,0.52216630452575,7.143884038218515,43.78322490307925,36,262,222,77
