Recall,PositiveRating,PerfRatio,Impact,top,right,bottom,left
0.40398800700905413,0.510412956029593,7.321553402004992,45.12148541443171,19,266,242,43
