Recall,PositiveRating,PerfRatio,Impact,top,right,bottom,left
0.4222844935458965,0.5430860656018998,7.599594523734449,46.921477533568556,36,262,222,77
