Recall,PositiveRating,PerfRatio,Impact,top,right,bottom,left
0.37413362874358314,0.3947344667449803,6.599074682989631,40.46976033881309,43,266,266,43
