Recall,PositiveRating,PerfRatio,Impact,top,right,bottom,left
0.4789472476843881,0.45298373551452636,6.535607208046754,39.75579955050767,36,262,222,77
