Recall,PositiveRating,PerfRatio,Impact,top,right,bottom,left
0.40389331289569674,0.47670162795031384,7.100265588955102,43.80666778392419,19,266,242,43
