Recall,PositiveRating,PerfRatio,Impact,top,right,bottom,left
0.45875210842927083,0.43696844560254505,7.140581827214337,43.75651559871197,36,262,222,77
