Recall,PositiveRating,PerfRatio,Impact,top,right,bottom,left
0.4442653000843696,0.4694173926230017,6.925169450930535,42.664245341834096,19,266,242,43
