Recall,PositiveRating,PerfRatio,Impact,top,right,bottom,left
0.40849717288499177,0.4189595274830698,7.0776325229288375,43.62222567641387,36,262,222,77
