Recall,PositiveRating,PerfRatio,Impact,top,right,bottom,left
0.41221397677066374,0.38178056381230424,5.90265763397749,36.093588656285654,19,266,242,43
