Recall,PositiveRating,PerfRatio,Impact,top,right,bottom,left
0.45690929533165736,0.46828372809033253,6.981307320228456,42.82942624456585,19,266,242,43
