Recall,PositiveRating,PerfRatio,Impact,top,right,bottom,left
0.43428801140054507,0.4666698605782022,6.856985810891963,42.15448788423088,43,266,266,43
