Recall,PositiveRating,PerfRatio,Impact,top,right,bottom,left
0.4033843844958642,0.38252127682883585,6.570981254146646,40.2805524530952,19,266,242,43
