Recall,PositiveRating,PerfRatio,Impact,top,right,bottom,left
0.4575339987508379,0.48683865244472496,7.110836038166901,44.1171978112847,36,262,222,77
