Recall,PositiveRating,PerfRatio,Impact,top,right,bottom,left
0.3826184245667965,0.44554329684316946,6.899836168443069,42.42921432362051,36,262,222,77
