Recall,PositiveRating,PerfRatio,Impact,top,right,bottom,left
0.4299989718103523,0.4784815220605581,7.158287135207512,43.9667424784963,36,262,222,77
