Recall,PositiveRating,PerfRatio,Impact,top,right,bottom,left
0.42442755740237115,0.47266113315175834,7.327658372549285,45.242911604212395,36,262,222,77
