Recall,PositiveRating,PerfRatio,Impact,top,right,bottom,left
0.4327647458909517,0.4778649997456946,7.209238496115259,44.49598473571095,19,266,242,43
