Recall,PositiveRating,PerfRatio,Impact,top,right,bottom,left
0.35893503152406925,0.41540671173525195,6.674818050510373,41.042201558352566,19,266,242,43
