Recall,PositiveRating,PerfRatio,Impact,top,right,bottom,left
0.4221228665455452,0.44414229351718265,6.893627764998774,42.43487246049173,36,262,222,77
