Recall,PositiveRating,PerfRatio,Impact,top,right,bottom,left
0.4522891965280065,0.4139396287794082,6.460832206050961,39.30702274624801,19,266,242,43
