Recall,PositiveRating,PerfRatio,Impact,top,right,bottom,left
0.4457038714138367,0.368361600455563,6.022190935467759,36.93384552235412,19,266,242,43
