Recall,PositiveRating,PerfRatio,Impact,top,right,bottom,left
0.39728295776100153,0.3464628347164949,6.537912527868776,39.8126437536358,19,266,242,43
