Recall,PositiveRating,PerfRatio,Impact,top,right,bottom,left
0.39962591245730816,0.4434463957224169,7.086283307931312,43.48531335113228,36,262,222,77
