Recall,PositiveRating,PerfRatio,Impact,top,right,bottom,left
0.5042860410449481,0.5777589443647367,7.398754966438495,45.40921254679232,36,262,222,77
