Recall,PositiveRating,PerfRatio,Impact,top,right,bottom,left
0.428519156076722,0.4320570067025314,7.103270271720024,43.71762721906973,36,262,222,77
