Recall,PositiveRating,PerfRatio,Impact,top,right,bottom,left
0.47242928230636194,0.443095214956369,6.5353055594297365,40.11258062138388,36,262,222,77
