Recall,PositiveRating,PerfRatio,Impact,top,right,bottom,left
0.439250302960393,0.4712264691815509,7.012640649953485,43.09342996738753,36,262,222,77
