Recall,PositiveRating,PerfRatio,Impact,top,right,bottom,left
0.4560604867037207,0.4755199141140612,7.336520838773345,44.85824790466852,19,266,242,43
