Recall,PositiveRating,PerfRatio,Impact,top,right,bottom,left
0.4523741973459655,0.3632399557522343,5.87950942743736,35.78521258509361,36,262,222,77
