Recall,PositiveRating,PerfRatio,Impact,top,right,bottom,left
0.3714913581038043,0.35730573867368093,6.261170971577686,38.67050780324325,36,262,222,77
