Recall,PositiveRating,PerfRatio,Impact,top,right,bottom,left
0.44246913341299277,0.46705529209722113,7.002900244291149,43.02517742334479,36,262,222,77
