Recall,PositiveRating,PerfRatio,Impact,top,right,bottom,left
0.43895009394262996,0.46191982774732027,6.766931249639432,41.64509509788381,19,266,242,43
