Recall,PositiveRating,PerfRatio,Impact,top,right,bottom,left
0.39377245018852824,0.4334947091321611,6.376653265492015,39.209507009214946,19,266,242,43
