Recall,PositiveRating,PerfRatio,Impact,top,right,bottom,left
0.4648117081894595,0.43000223538894394,7.269729091461315,44.970842329663974,19,266,242,43
