Recall,PositiveRating,PerfRatio,Impact,top,right,bottom,left
0.3926597164298916,0.5134062575552786,7.1550407277760755,44.10937839719849,19,266,242,43
