Recall,PositiveRating,PerfRatio,Impact,top,right,bottom,left
0.4259012246589049,0.5032341379370394,6.7839417600466545,41.858373808848604,19,266,242,43
