Recall,PositiveRating,PerfRatio,Impact,top,right,bottom,left
0.4172293094206755,0.4617692883088343,7.160207864759393,44.106718003539115,19,266,242,43
