Recall,PositiveRating,PerfRatio,Impact,top,right,bottom,left
0.44888401393068667,0.5408865474965782,7.604891799263177,47.136262117864135,19,266,242,43
