Recall,PositiveRating,PerfRatio,Impact,top,right,bottom,left
0.39813384521281114,0.4957281247717718,7.314338255702586,45.25218225133726,36,262,222,77
