Recall,PositiveRating,PerfRatio,Impact,top,right,bottom,left
0.4164223555169587,0.46872026020058405,6.938163660087323,42.7919486078591,19,266,242,43
