Recall,PositiveRating,PerfRatio,Impact,top,right,bottom,left
0.44013442266045666,0.39961592131521645,7.134994150361354,44.053622239303174,19,266,242,43
