Recall,PositiveRating,PerfRatio,Impact,top,right,bottom,left
0.3948854298417751,0.496582841584812,7.29257469145386,44.91361983217327,19,266,242,43
