Recall,PositiveRating,PerfRatio,Impact,top,right,bottom,left
0.4332807267613471,0.39146050570009827,6.370002580691434,38.70152727985914,19,266,242,43
