Recall,PositiveRating,PerfRatio,Impact,top,right,bottom,left
0.4085818566287591,0.3832370660206956,6.652179193017352,41.03976052524675,36,262,222,77
