Recall,PositiveRating,PerfRatio,Impact,top,right,bottom,left
0.37336966018372497,0.3609183166647642,6.321313556880026,38.8037554995095,19,266,242,43
