Recall,PositiveRating,PerfRatio,Impact,top,right,bottom,left
0.4223707437386428,0.47078158000411824,6.706723318018282,41.20145182965801,36,262,222,77
