Recall,PositiveRating,PerfRatio,Impact,top,right,bottom,left
0.3805054139902285,0.3921977821344264,6.554168561809441,40.1443023844332,36,262,222,77
