Recall,PositiveRating,PerfRatio,Impact,top,right,bottom,left
0.42206097879341675,0.4650371891683172,6.656090030394097,40.56275464575765,19,266,242,43
