Recall,PositiveRating,PerfRatio,Impact,top,right,bottom,left
0.4439836998117609,0.46763867781099183,7.040527703027746,43.04521152378635,36,262,222,77
