Recall,PositiveRating,PerfRatio,Impact,top,right,bottom,left
0.4384563814196303,0.41363275825652784,6.548399897054286,39.95340717178968,19,266,242,43
