Recall,PositiveRating,PerfRatio,Impact,top,right,bottom,left
0.46347876118496556,0.5202653214334974,7.5298736033858775,46.6924204122816,36,262,222,77
