Recall,PositiveRating,PerfRatio,Impact,top,right,bottom,left
0.3465535244473099,0.3529646792215259,6.445705695821982,39.84971877349333,36,262,222,77
