Recall,PositiveRating,PerfRatio,Impact,top,right,bottom,left
0.4412049266327185,0.41986583339671407,6.893288086936203,42.396952151156746,36,262,222,77
