Recall,PositiveRating,PerfRatio,Impact,top,right,bottom,left
0.4438471246355449,0.4630066218719619,6.497293111331544,39.77681861228111,36,262,222,77
