Recall,PositiveRating,PerfRatio,Impact,top,right,bottom,left
0.4253571687741503,0.43448007790492366,6.812475857935749,41.978553399016576,19,266,242,43
