Recall,PositiveRating,PerfRatio,Impact,top,right,bottom,left
0.41525442900289655,0.4816058816663256,6.870166068183936,42.35541512313705,19,291,242,68
