Recall,PositiveRating,PerfRatio,Impact,top,right,bottom,left
0.43865085786980407,0.4591825105195196,7.3280566301547365,45.06671209070323,19,291,242,68
