Recall,PositiveRating,PerfRatio,Impact,top,right,bottom,left
0.48872304074826534,0.5118977236272703,7.162510100569085,44.04085161350374,36,262,222,77
