Recall,PositiveRating,PerfRatio,Impact,top,right,bottom,left
0.44719495850714064,0.39295810646865714,6.498313265630775,39.943120740056536,36,262,222,77
