Recall,PositiveRating,PerfRatio,Impact,top,right,bottom,left
0.4139590639187739,0.48567087060215447,7.233817727588554,44.660937089455,36,262,222,77
