Recall,PositiveRating,PerfRatio,Impact,top,right,bottom,left
0.43024124279918263,0.4992706988672007,7.305040246865676,45.087809709549376,19,266,242,43
