Recall,PositiveRating,PerfRatio,Impact,top,right,bottom,left
0.40783780423089155,0.46099239075837745,7.157412632874063,43.87533252788522,36,262,222,77
