Recall,PositiveRating,PerfRatio,Impact,top,right,bottom,left
0.4417189281924825,0.4769063411774031,6.973771086618566,42.65874497119596,36,262,222,77
