Recall,PositiveRating,PerfRatio,Impact,top,right,bottom,left
0.4331863437130187,0.4541599365196443,6.634979570320639,40.63052746882747,19,291,242,68
