Recall,PositiveRating,PerfRatio,Impact,top,right,bottom,left
0.417114435235972,0.3843545216229841,6.599931419322514,40.325209907475056,19,266,242,43
