Recall,PositiveRating,PerfRatio,Impact,top,right,bottom,left
0.4471755399983359,0.426915907909103,6.779966988580324,41.26516151907329,36,262,222,77
