Recall,PositiveRating,PerfRatio,Impact,top,right,bottom,left
0.3866905528628103,0.36480888969512265,6.581709896480567,40.5760502917207,36,262,222,77
