Recall,PositiveRating,PerfRatio,Impact,top,right,bottom,left
0.4733533857484058,0.4973695122338913,7.48108485417892,46.19262194162875,36,262,222,77
