Recall,PositiveRating,PerfRatio,Impact,top,right,bottom,left
0.41444012251296314,0.48183415167858507,7.250288006549111,45.00573779629742,19,266,242,43
