Recall,PositiveRating,PerfRatio,Impact,top,right,bottom,left
0.3617418257676417,0.38516422566546676,6.541909528332411,40.2653401423082,19,266,242,43
