Recall,PositiveRating,PerfRatio,Impact,top,right,bottom,left
0.4213179247823763,0.42878628000128977,6.980820032073085,42.89034128091379,36,262,222,77
