Recall,PositiveRating,PerfRatio,Impact,top,right,bottom,left
0.447014883118415,0.45061163712778424,7.139940804286731,43.94055644203922,19,266,242,43
