Recall,PositiveRating,PerfRatio,Impact,top,right,bottom,left
0.40962784630058346,0.42663391269751366,6.659222442120654,41.14319856739005,36,262,222,77
