Recall,PositiveRating,PerfRatio,Impact,top,right,bottom,left
0.44297158850411245,0.4921243453269654,6.959790174604366,42.72520324304786,36,262,222,77
