Recall,PositiveRating,PerfRatio,Impact,top,right,bottom,left
0.4300578817956078,0.5452666940710064,7.360424562412932,45.69340302484494,36,262,222,77
