Recall,PositiveRating,PerfRatio,Impact,top,right,bottom,left
0.42975375313263553,0.4754733607065051,7.091939751227667,43.659883791690355,36,262,222,77
