Recall,PositiveRating,PerfRatio,Impact,top,right,bottom,left
0.42802403797302624,0.49158593140638335,7.377891965438293,45.337634397214664,19,266,242,43
