Recall,PositiveRating,PerfRatio,Impact,top,right,bottom,left
0.38338158506168374,0.34138213065620626,6.3446368348519675,39.21996880894964,19,291,242,68
