Recall,PositiveRating,PerfRatio,Impact,top,right,bottom,left
0.42366526965623685,0.3980011044273849,6.592966741820617,40.56140665995062,36,262,222,77
