Recall,PositiveRating,PerfRatio,Impact,top,right,bottom,left
0.36352579142693686,0.3159272337925445,6.366448472198627,39.07660785412522,36,262,222,77
