Recall,PositiveRating,PerfRatio,Impact,top,right,bottom,left
0.3634375863004189,0.4098403568547257,6.356768946149053,39.28441026461458,19,291,242,68
