Recall,PositiveRating,PerfRatio,Impact,top,right,bottom,left
0.3203896280985805,0.36296450451478557,5.945069707810158,36.47030933593078,19,266,242,43
