Recall,PositiveRating,PerfRatio,Impact,top,right,bottom,left
0.41310896139215036,0.37293551081634196,6.385771662132261,39.04170621337482,19,266,242,43
