Recall,PositiveRating,PerfRatio,Impact,top,right,bottom,left
0.4024316462813351,0.46153239085409153,7.05616512155835,43.47201850590662,36,262,222,77
