Recall,PositiveRating,PerfRatio,Impact,top,right,bottom,left
0.4169269233369607,0.4750837006285121,6.897767894625878,42.44849571687506,36,262,222,77
