Recall,PositiveRating,PerfRatio,Impact,top,right,bottom,left
0.4821568352781782,0.4712086219226818,6.896599026534014,42.46562118000703,19,266,242,43
