Recall,PositiveRating,PerfRatio,Impact,top,right,bottom,left
0.42478198899526787,0.3901755842622656,6.536379760705275,40.1006330185569,36,262,222,77
