Recall,PositiveRating,PerfRatio,Impact,top,right,bottom,left
0.37300685863543936,0.4744181381154973,6.983820886328921,43.08591982692159,19,266,242,43
