Recall,PositiveRating,PerfRatio,Impact,top,right,bottom,left
0.43186180169239496,0.4476135944499349,6.8258566590420635,42.1359372600164,19,266,242,43
