Recall,PositiveRating,PerfRatio,Impact,top,right,bottom,left
0.44031726330957477,0.47630981573712444,7.3360234949022365,45.3581698698592,19,266,242,43
