Recall,PositiveRating,PerfRatio,Impact,top,right,bottom,left
0.4486167187938954,0.455365690971773,7.0267016389025825,43.13865360875541,43,291,266,68
