Recall,PositiveRating,PerfRatio,Impact,top,right,bottom,left
0.41146745152856246,0.4272068197783612,7.045554989279839,43.224037136254125,36,262,222,77
