Recall,PositiveRating,PerfRatio,Impact,top,right,bottom,left
0.4879143181375927,0.44956893867380027,6.940841235367846,42.37914720979602,19,266,242,43
