Recall,PositiveRating,PerfRatio,Impact,top,right,bottom,left
0.43179287040854664,0.48538952346564496,6.959350531031602,42.77314241378314,36,262,222,77
