Recall,PositiveRating,PerfRatio,Impact,top,right,bottom,left
0.39461648153608575,0.3757026432429054,6.600498672751019,40.48729443569724,19,291,242,68
