Recall,PositiveRating,PerfRatio,Impact,top,right,bottom,left
0.44906550474180684,0.37148711917705923,6.410040858438677,38.945336410007876,36,262,222,77
