Recall,PositiveRating,PerfRatio,Impact,top,right,bottom,left
0.36699402129185144,0.48668109755134353,7.017235853465609,43.3325075512246,36,262,222,77
