Recall,PositiveRating,PerfRatio,Impact,top,right,bottom,left
0.42850709377414176,0.4254253296546338,6.874337125727895,41.78706109680474,36,262,222,77
