Recall,PositiveRating,PerfRatio,Impact,top,right,bottom,left
0.44790589628533517,0.4983809171054899,7.296272519653768,45.04173671822931,36,262,222,77
