Recall,PositiveRating,PerfRatio,Impact,top,right,bottom,left
0.3870092849307011,0.45856260083841677,7.014569715858332,42.92179983606414,36,262,222,77
