Recall,PositiveRating,PerfRatio,Impact,top,right,bottom,left
0.41033782488285697,0.4035624377790686,7.030210974290799,43.18787787718489,36,262,222,77
