Recall,PositiveRating,PerfRatio,Impact,top,right,bottom,left
0.4001096221747804,0.38414226733162987,6.296204196713279,38.65479144877441,19,266,242,43
