Recall,PositiveRating,PerfRatio,Impact,top,right,bottom,left
0.4027208640508054,0.4604191107401902,7.319454332147036,44.851938318969374,36,262,222,77
