Recall,PositiveRating,PerfRatio,Impact,top,right,bottom,left
0.4188467978493253,0.471946722318866,7.019549198550676,43.35255326919313,36,262,222,77
