Recall,PositiveRating,PerfRatio,Impact,top,right,bottom,left
0.4408001193411556,0.4562463779102553,7.029423265196369,42.90558329964712,36,262,222,77
