Recall,PositiveRating,PerfRatio,Impact,top,right,bottom,left
0.3829865856161202,0.3295615128774497,6.276361249732077,38.75393351219191,36,262,222,77
