Recall,PositiveRating,PerfRatio,Impact,top,right,bottom,left
0.44603100790351635,0.45295339249008576,7.031937850206721,42.964018760148015,36,262,222,77
