Recall,PositiveRating,PerfRatio,Impact,top,right,bottom,left
0.40645471366237274,0.3933781347304157,6.623672398148301,40.346231188975345,36,262,222,77
