Recall,PositiveRating,PerfRatio,Impact,top,right,bottom,left
0.4192323467532503,0.37123873196222684,6.375163730671237,38.829186150522546,36,262,222,77
