Recall,PositiveRating,PerfRatio,Impact,top,right,bottom,left
0.4232509146156165,0.4787548669254856,6.95700650937749,42.40111462624377,36,262,222,77
