Recall,PositiveRating,PerfRatio,Impact,top,right,bottom,left
0.43192874077332033,0.485727498274418,7.102255969985047,43.62144064945782,36,262,222,77
