Recall,PositiveRating,PerfRatio,Impact,top,right,bottom,left
0.42948772089036846,0.42001261637526516,6.826811275685165,42.09597541242135,36,262,222,77
