Recall,PositiveRating,PerfRatio,Impact,top,right,bottom,left
0.4097932974799826,0.41807792525342563,7.000341924158537,43.278418216882564,36,262,222,77
