Recall,PositiveRating,PerfRatio,Impact,top,right,bottom,left
0.4281005597244133,0.5138658631658916,6.878428074114911,42.268402508937754,36,262,222,77
