Recall,PositiveRating,PerfRatio,Impact,top,right,bottom,left
0.3767220394539137,0.3676849759177216,6.423239015209665,39.475852538667716,36,262,222,77
