Recall,PositiveRating,PerfRatio,Impact,top,right,bottom,left
0.4343949583947464,0.47064159387268295,7.318453623216323,45.15733947267662,19,266,242,43
