Recall,PositiveRating,PerfRatio,Impact,top,right,bottom,left
0.43393161874113717,0.5152404409287245,7.46870449517669,45.90238205603007,36,262,222,77
