Recall,PositiveRating,PerfRatio,Impact,top,right,bottom,left
0.48652664500966747,0.466780216032257,7.1075274641811355,43.694586953389106,36,262,222,77
