Recall,PositiveRating,PerfRatio,Impact,top,right,bottom,left
0.41913941957299805,0.4034171638465301,6.0871422685240235,36.967815811763856,36,262,222,77
