Recall,PositiveRating,PerfRatio,Impact,top,right,bottom,left
0.45214849842618954,0.5195992350532527,7.495842872638118,45.83793541743295,19,266,242,43
