Recall,PositiveRating,PerfRatio,Impact,top,right,bottom,left
0.4071251589682806,0.4137747184556733,6.68274054567992,40.746708513844844,36,262,222,77
