Recall,PositiveRating,PerfRatio,Impact,top,right,bottom,left
0.4902080197792036,0.4358533349415788,6.726752441945216,41.188224265730646,36,262,222,77
