Recall,PositiveRating,PerfRatio,Impact,top,right,bottom,left
0.37944408657257633,0.40769457647457635,6.429412413337728,39.771575471879814,36,262,222,77
