Recall,PositiveRating,PerfRatio,Impact,top,right,bottom,left
0.40653603793227777,0.41947748785549005,7.002223602971958,43.06123248034165,19,266,242,43
