Recall,PositiveRating,PerfRatio,Impact,top,right,bottom,left
0.32568724410281735,0.37426889453741297,6.414221225300394,39.36998290006476,36,262,222,77
