Recall,PositiveRating,PerfRatio,Impact,top,right,bottom,left
0.45726796231705125,0.44512215625908264,6.6639392789690906,40.699087189183,19,266,242,43
