Recall,PositiveRating,PerfRatio,Impact,top,right,bottom,left
0.38872803196777184,0.42826659942770634,6.763591877391107,41.62329602457894,19,266,242,43
