Recall,PositiveRating,PerfRatio,Impact,top,right,bottom,left
0.3818452426097344,0.42552379090570985,6.972938467052087,43.03058194616342,36,262,222,77
