Recall,PositiveRating,PerfRatio,Impact,top,right,bottom,left
0.42889768615949464,0.4890080467003863,7.240321025852248,44.48428646229989,19,266,242,43
