Recall,PositiveRating,PerfRatio,Impact,top,right,bottom,left
0.4560368985503004,0.5023220393098059,7.194915788951639,44.2506893118647,19,266,242,43
