Recall,PositiveRating,PerfRatio,Impact,top,right,bottom,left
0.39060608739118496,0.3610126255819254,6.212888175269826,38.04002207728209,36,262,222,77
