Recall,PositiveRating,PerfRatio,Impact,top,right,bottom,left
0.4337694233954249,0.35228539965545397,6.259195333627142,37.998538029465124,57,262,242,77
