Recall,PositiveRating,PerfRatio,Impact,top,right,bottom,left
0.45295560886787645,0.48095899006892145,7.2558897203270165,44.46957315476795,36,262,222,77
