Recall,PositiveRating,PerfRatio,Impact,top,right,bottom,left
0.40334040114323366,0.3485826200238405,6.493955101495814,39.48204530260881,36,262,222,77
