Recall,PositiveRating,PerfRatio,Impact,top,right,bottom,left
0.4070418945958171,0.4382104642839962,6.263193337411788,38.23264007403788,19,266,242,43
