Recall,PositiveRating,PerfRatio,Impact,top,right,bottom,left
0.3766023219830055,0.4050287944053477,6.631828210713701,40.86622080246505,36,262,222,77
