Recall,PositiveRating,PerfRatio,Impact,top,right,bottom,left
0.3947249217014551,0.4545905472135681,6.7658313899865075,41.54658577612245,36,262,222,77
