Recall,PositiveRating,PerfRatio,Impact,top,right,bottom,left
0.3637012175333286,0.3896885008790856,6.396307780701437,39.21981586533195,36,262,222,77
