Recall,PositiveRating,PerfRatio,Impact,top,right,bottom,left
0.42184439549129893,0.40424960118100045,7.221011164822781,44.32327041366547,36,262,222,77
