Recall,PositiveRating,PerfRatio,Impact,top,right,bottom,left
0.44649510123093195,0.4322394746401886,6.576365062546594,40.42092482822682,19,291,242,68
