Recall,PositiveRating,PerfRatio,Impact,top,right,bottom,left
0.45963800272642064,0.40282874779677097,6.652347947777782,40.61238663345043,36,262,222,77
