Recall,PositiveRating,PerfRatio,Impact,top,right,bottom,left
0.417500535584866,0.4657857030809857,7.310888006166258,45.25834796636566,19,291,242,68
