Recall,PositiveRating,PerfRatio,Impact,top,right,bottom,left
0.4623282380999273,0.49403320819461843,7.422348487788475,45.60725911458113,36,262,222,77
