Recall,PositiveRating,PerfRatio,Impact,top,right,bottom,left
0.4234020715037712,0.35830808846002943,6.420159921801427,38.88642547086151,36,262,222,77
