Recall,PositiveRating,PerfRatio,Impact,top,right,bottom,left
0.36763359681165286,0.4164421603362474,6.225786894040022,38.09200968384472,36,262,222,77
