Recall,PositiveRating,PerfRatio,Impact,top,right,bottom,left
0.4283368502875682,0.34799800123329383,6.205032874820553,37.75365252362306,36,262,222,77
