Recall,PositiveRating,PerfRatio,Impact,top,right,bottom,left
0.47637303310195145,0.464489446489651,6.904414083732626,42.21653523534565,19,266,242,43
