Recall,PositiveRating,PerfRatio,Impact,top,right,bottom,left
0.39457628049846827,0.4181408862645895,7.092891680185718,43.97061956402539,36,262,222,77
