Recall,PositiveRating,PerfRatio,Impact,top,right,bottom,left
0.3920279481745943,0.5072282217321987,7.318594867998144,45.58978913166214,19,266,242,43
