Recall,PositiveRating,PerfRatio,Impact,top,right,bottom,left
0.4567473955908068,0.4107675013641588,6.660926571646497,40.85752981987732,36,262,222,77
