Recall,PositiveRating,PerfRatio,Impact,top,right,bottom,left
0.4643621960342966,0.4896231356633259,7.237186254902176,44.83606912491366,19,266,242,43
