Recall,PositiveRating,PerfRatio,Impact,top,right,bottom,left
0.4101289818872197,0.3963554134882845,6.816651324497198,41.86203967410366,36,262,222,77
