Recall,PositiveRating,PerfRatio,Impact,top,right,bottom,left
0.40498272861388585,0.39151361759748055,6.569052664730461,40.232220709495095,36,262,222,77
