Recall,PositiveRating,PerfRatio,Impact,top,right,bottom,left
0.4324451787639151,0.5161213296876073,7.357460655078499,45.23609748843743,19,266,242,43
