Recall,PositiveRating,PerfRatio,Impact,top,right,bottom,left
0.440094476987419,0.46938155967347145,7.339622251921014,45.285596085951944,19,266,242,43
