Recall,PositiveRating,PerfRatio,Impact,top,right,bottom,left
0.3868999028464807,0.3984241913678696,6.466039809276867,40.010373176874815,19,266,242,43
