Recall,PositiveRating,PerfRatio,Impact,top,right,bottom,left
0.38395098152921914,0.3431199415194753,6.663326274594056,41.014798037229006,36,262,222,77
