Recall,PositiveRating,PerfRatio,Impact,top,right,bottom,left
0.43070649242879855,0.4753232735350364,6.84266856560526,42.31728785824154,19,266,242,43
