Recall,PositiveRating,PerfRatio,Impact,top,right,bottom,left
0.45059798335855694,0.4053693733974359,6.466349415751598,39.14617380226285,19,266,242,43
