Recall,PositiveRating,PerfRatio,Impact,top,right,bottom,left
0.4020880802143756,0.3819669641454626,6.610812251341721,40.22432999819209,36,262,222,77
