Recall,PositiveRating,PerfRatio,Impact,top,right,bottom,left
0.4392407794405023,0.4018334557408048,6.50779396383451,39.9482247516646,36,262,222,77
