Recall,PositiveRating,PerfRatio,Impact,top,right,bottom,left
0.46705143365722745,0.4415693203615892,6.879435277960069,41.96509895090296,36,262,222,77
