Recall,PositiveRating,PerfRatio,Impact,top,right,bottom,left
0.4337672117239414,0.36154678594753453,6.400704777173305,39.44444039934524,19,291,242,68
