Recall,PositiveRating,PerfRatio,Impact,top,right,bottom,left
0.4330763194330842,0.43497546048208885,6.568870691864838,40.14221692447823,19,266,242,43
