Recall,PositiveRating,PerfRatio,Impact,top,right,bottom,left
0.4392693766995507,0.4335812067195884,6.862357048790594,42.08498800501409,36,262,222,77
