Recall,PositiveRating,PerfRatio,Impact,top,right,bottom,left
0.3817537371072677,0.35715108316025995,6.443784829910108,39.60386758527149,36,262,222,77
