Recall,PositiveRating,PerfRatio,Impact,top,right,bottom,left
0.3944830704279204,0.39357201579013595,6.607048707695811,40.682841764893304,19,291,242,68
