Recall,PositiveRating,PerfRatio,Impact,top,right,bottom,left
0.39703361185017305,0.45120718251335873,6.89128853031758,42.461067686552525,19,266,242,43
