Recall,PositiveRating,PerfRatio,Impact,top,right,bottom,left
0.37260957545764894,0.43299656710004836,6.5932783207947825,40.753046593192785,36,262,222,77
