Recall,PositiveRating,PerfRatio,Impact,top,right,bottom,left
0.41393026447124504,0.43744909679417027,6.353820734369838,38.637408054368734,19,291,242,68
