Recall,PositiveRating,PerfRatio,Impact,top,right,bottom,left
0.4274573738587796,0.414543831774387,6.431464863606667,39.33530458717121,19,291,242,68
