Recall,PositiveRating,PerfRatio,Impact,top,right,bottom,left
0.46922823385611734,0.4270385378523405,6.620460404538409,40.47881684997657,19,291,242,68
