Recall,PositiveRating,PerfRatio,Impact,top,right,bottom,left
0.4583301034456645,0.4795575172679219,7.202892505139617,44.08947030239486,19,266,242,43
