Recall,PositiveRating,PerfRatio,Impact,top,right,bottom,left
0.43784172868320637,0.42489140920752627,6.46918478425237,39.21529717359166,19,266,242,43
