Recall,PositiveRating,PerfRatio,Impact,top,right,bottom,left
0.3954587290232412,0.42591369842428445,6.85490748448466,42.25301026648463,36,262,222,77
