Recall,PositiveRating,PerfRatio,Impact,top,right,bottom,left
0.4429426808468083,0.39924029920167653,6.406422069845044,39.21548428141779,19,266,242,43
