Recall,PositiveRating,PerfRatio,Impact,top,right,bottom,left
0.40762553723761563,0.4396212115938402,6.648835169207932,41.06135709419591,36,262,222,77
