Recall,PositiveRating,PerfRatio,Impact,top,right,bottom,left
0.45646560277690673,0.3833980221495903,6.121339062308727,37.649220636927865,36,262,222,77
