Recall,PositiveRating,PerfRatio,Impact,top,right,bottom,left
0.4419234438141333,0.5441905369171514,7.601687461184275,47.008549193575284,36,262,222,77
