Recall,PositiveRating,PerfRatio,Impact,top,right,bottom,left
0.4646848415709808,0.456092361264048,6.797139343773041,41.6627880622789,36,262,222,77
