Recall,PositiveRating,PerfRatio,Impact,top,right,bottom,left
0.3879552011224515,0.4282525367138163,6.62540169417771,40.49429056013233,36,262,222,77
