Recall,PositiveRating,PerfRatio,Impact,top,right,bottom,left
0.3835206096647399,0.44389384692143846,6.9478179378222595,42.58939648344739,19,266,242,43
