Recall,PositiveRating,PerfRatio,Impact,top,right,bottom,left
0.4538550307376321,0.4194362021985139,6.659033167358053,41.06045294589038,19,291,242,68
