Recall,PositiveRating,PerfRatio,Impact,top,right,bottom,left
0.43685051208908177,0.518653137839901,7.487356730919371,45.954153651813705,19,266,242,43
