Recall,PositiveRating,PerfRatio,Impact,top,right,bottom,left
0.44686080797279837,0.46191608432818626,6.70063669544933,40.901096319014776,36,262,222,77
