Recall,PositiveRating,PerfRatio,Impact,top,right,bottom,left
0.42487845216768183,0.4089992341842093,6.400388791917336,39.44083764586487,19,266,242,43
