Recall,PositiveRating,PerfRatio,Impact,top,right,bottom,left
0.4178427115859529,0.36704542128877765,6.061563870223647,36.94349184732674,19,291,242,68
