Recall,PositiveRating,PerfRatio,Impact,top,right,bottom,left
0.45334539248252126,0.5432995882223963,7.725981895704705,47.48751833628074,36,262,222,77
