Recall,PositiveRating,PerfRatio,Impact,top,right,bottom,left
0.38290533573368835,0.32822648841916,5.834246973120292,35.69883416183417,36,262,222,77
