Recall,PositiveRating,PerfRatio,Impact,top,right,bottom,left
0.47925632355892667,0.4324743579069836,6.93842486049581,42.48681332346693,19,266,242,43
