Recall,PositiveRating,PerfRatio,Impact,top,right,bottom,left
0.42530148494832576,0.4876641366623225,7.335381600447064,45.11320098451833,36,262,222,77
