Recall,PositiveRating,PerfRatio,Impact,top,right,bottom,left
0.4785431678458192,0.43936247480810847,6.505058501087629,39.774915176713215,36,262,222,77
