Recall,PositiveRating,PerfRatio,Impact,top,right,bottom,left
0.4307713486607392,0.4018187167622254,6.716989007095196,41.176814194694735,36,262,222,77
