Recall,PositiveRating,PerfRatio,Impact,top,right,bottom,left
0.3620479422185682,0.4417753002810187,7.014807760113397,43.358711015075045,36,262,222,77
