Recall,PositiveRating,PerfRatio,Impact,top,right,bottom,left
0.38330682132640415,0.3901000250436736,6.798315207131548,41.903181915815814,19,266,242,43
