Recall,PositiveRating,PerfRatio,Impact,top,right,bottom,left
0.426000470467379,0.4734927298498935,6.924252828186531,42.39344725042226,36,262,222,77
