Recall,PositiveRating,PerfRatio,Impact,top,right,bottom,left
0.48083866007829346,0.46808707541638156,6.666109100864137,40.37617770584757,19,291,242,68
