Recall,PositiveRating,PerfRatio,Impact,top,right,bottom,left
0.4021334193196856,0.4736792948972412,7.172317460814471,44.28457384710527,36,262,222,77
