Recall,PositiveRating,PerfRatio,Impact,top,right,bottom,left
0.3826303137449023,0.4037461746571866,7.023859263868487,43.15523888821949,36,262,222,77
