Recall,PositiveRating,PerfRatio,Impact,top,right,bottom,left
0.4608940630528544,0.4428071624079291,6.536409352073111,39.75686169216956,36,262,222,77
