Recall,PositiveRating,PerfRatio,Impact,top,right,bottom,left
0.4957754590785214,0.5220850504319343,7.4857532877583095,46.08243428825762,19,266,242,43
