Recall,PositiveRating,PerfRatio,Impact,top,right,bottom,left
0.4294737540663235,0.42753689101573206,6.679973407614449,41.378404849356386,19,266,242,43
