Recall,PositiveRating,PerfRatio,Impact,top,right,bottom,left
0.4078180262584725,0.4098914629334643,7.102546612341384,43.65285979683739,19,266,242,43
