Recall,PositiveRating,PerfRatio,Impact,top,right,bottom,left
0.44059646345106585,0.49679029890317966,7.254940518877234,44.536751049298765,19,266,242,43
