Recall,PositiveRating,PerfRatio,Impact,top,right,bottom,left
0.4207132738330973,0.47819876470319517,7.292318509044507,44.58580852647752,36,262,222,77
