Recall,PositiveRating,PerfRatio,Impact,top,right,bottom,left
0.4188614120142786,0.4416600218426932,7.156203180193619,43.73081402992768,36,262,222,77
