Recall,PositiveRating,PerfRatio,Impact,top,right,bottom,left
0.45477095802646905,0.4249645060772758,6.407640799217109,39.20189692221691,36,262,222,77
