Recall,PositiveRating,PerfRatio,Impact,top,right,bottom,left
0.405667928118737,0.5273565872039716,7.328072704594476,45.141710979005964,19,266,242,43
