Recall,PositiveRating,PerfRatio,Impact,top,right,bottom,left
0.4036531416037432,0.41793346534247006,6.884498920282572,42.086735224498845,36,262,222,77
