Recall,PositiveRating,PerfRatio,Impact,top,right,bottom,left
0.42289873929923805,0.5393952952877744,7.66559599677167,47.07799300568676,19,266,242,43
