Recall,PositiveRating,PerfRatio,Impact,top,right,bottom,left
0.3897586448333811,0.43741583941164613,6.83568827017787,42.00089687194032,19,266,242,43
