Recall,PositiveRating,PerfRatio,Impact,top,right,bottom,left
0.42592893988270863,0.40947207274383396,6.355617158432456,38.58476848767774,19,266,242,43
