Recall,PositiveRating,PerfRatio,Impact,top,right,bottom,left
0.45111740273088674,0.4567676750253045,7.058958630231316,43.15114496832073,36,262,222,77
