Recall,PositiveRating,PerfRatio,Impact,top,right,bottom,left
0.45087961956566047,0.44146230652338797,6.620236372116441,40.406351881868105,19,266,242,43
