Recall,PositiveRating,PerfRatio,Impact,top,right,bottom,left
0.39304905277428703,0.4729401430118321,7.134514469210454,43.92417486112665,36,262,222,77
