Recall,PositiveRating,PerfRatio,Impact,top,right,bottom,left
0.413214201219815,0.3943464891021238,7.000443511399032,43.19229753196381,19,266,242,43
