Recall,PositiveRating,PerfRatio,Impact,top,right,bottom,left
0.4162354184082049,0.46455625704617726,6.6917216625352935,41.27283909150729,36,262,222,77
