Recall,PositiveRating,PerfRatio,Impact,top,right,bottom,left
0.42820090262809496,0.40952050146220415,6.856084528278208,41.652082252875395,19,291,242,68
