Recall,PositiveRating,PerfRatio,Impact,top,right,bottom,left
0.44823000825678383,0.3283323025099053,5.931719663159509,36.09657797560932,36,262,222,77
