Recall,PositiveRating,PerfRatio,Impact,top,right,bottom,left
0.421153198976288,0.4820378209906436,6.928683317744538,42.72077304588197,36,262,222,77
