Recall,PositiveRating,PerfRatio,Impact,top,right,bottom,left
0.4523598937383977,0.5072027741377166,7.1368999372646655,43.669271265458384,36,262,222,77
