Recall,PositiveRating,PerfRatio,Impact,top,right,bottom,left
0.46516162233725766,0.43100328624776046,6.551628127911817,39.72572836203706,19,266,242,43
