Recall,PositiveRating,PerfRatio,Impact,top,right,bottom,left
0.4012947352877838,0.4332661983057729,6.994830795775987,43.331483859047474,36,262,222,77
