Recall,PositiveRating,PerfRatio,Impact,top,right,bottom,left
0.38617707433849013,0.3630239607377243,6.934248996346219,42.50115089340667,19,291,242,68
