Recall,PositiveRating,PerfRatio,Impact,top,right,bottom,left
0.43867058152328164,0.47167587136053896,6.897757906487131,42.02362424800382,19,266,242,43
