Recall,PositiveRating,PerfRatio,Impact,top,right,bottom,left
0.43405304130822076,0.48502882259560304,7.320384278572781,45.15698986780931,19,291,242,68
