Recall,PositiveRating,PerfRatio,Impact,top,right,bottom,left
0.3752571947915905,0.38304974858622903,6.513736900631695,40.311291743771754,19,266,242,43
