Recall,PositiveRating,PerfRatio,Impact,top,right,bottom,left
0.39966697150157304,0.41088984062894124,6.503483338821071,40.19679320633235,19,266,242,43
