Recall,PositiveRating,PerfRatio,Impact,top,right,bottom,left
0.44070705865230575,0.4022240381966314,6.471761157198727,39.82868797287038,19,266,242,43
