Recall,PositiveRating,PerfRatio,Impact,top,right,bottom,left
0.4347781430706603,0.4475073373097928,6.8256265143482775,42.258665740477475,57,262,242,77
