Recall,PositiveRating,PerfRatio,Impact,top,right,bottom,left
0.4704417320225286,0.5390915993549418,7.254618332888283,44.698231792966354,36,262,222,77
