Recall,PositiveRating,PerfRatio,Impact,top,right,bottom,left
0.39300948722081575,0.5018137826940557,7.07121058418276,43.460789444072084,19,266,242,43
