Recall,PositiveRating,PerfRatio,Impact,top,right,bottom,left
0.4507178927419142,0.5291676869190896,7.346508858745393,45.14063762986311,36,262,222,77
