Recall,PositiveRating,PerfRatio,Impact,top,right,bottom,left
0.4482864323704774,0.4056563919873473,6.583714806354741,40.079021520224785,19,266,242,43
