Recall,PositiveRating,PerfRatio,Impact,top,right,bottom,left
0.44114296651404417,0.373599624660592,6.212951800782554,38.04387974864264,36,262,222,77
