Recall,PositiveRating,PerfRatio,Impact,top,right,bottom,left
0.3940381923875875,0.374982656409809,6.032365524090233,37.10850605854211,36,262,222,77
