Recall,PositiveRating,PerfRatio,Impact,top,right,bottom,left
0.4311176192003807,0.3993300594489555,6.285644938046131,38.20961503644497,19,266,242,43
