Recall,PositiveRating,PerfRatio,Impact,top,right,bottom,left
0.4309162659195134,0.405961766690999,6.667882276960119,40.616148375611665,36,262,222,77
