Recall,PositiveRating,PerfRatio,Impact,top,right,bottom,left
0.42898374899775393,0.4249538897104302,6.69295526951846,40.72068019238058,19,266,242,43
