Recall,PositiveRating,PerfRatio,Impact,top,right,bottom,left
0.39972425651088583,0.39629065567952887,6.781464827148591,41.5092991504922,19,266,242,43
