Recall,PositiveRating,PerfRatio,Impact,top,right,bottom,left
0.44838675703720887,0.46764639073187436,6.81544493152006,41.79027476067504,36,262,222,77
