Recall,PositiveRating,PerfRatio,Impact,top,right,bottom,left
0.4333516320031279,0.47381311540965393,6.934207701557301,42.455563618355995,36,262,222,77
