Recall,PositiveRating,PerfRatio,Impact,top,right,bottom,left
0.43242438871065403,0.5274512633172116,7.24575045552826,44.905834536993325,36,262,222,77
