Recall,PositiveRating,PerfRatio,Impact,top,right,bottom,left
0.38619010513607277,0.3724921186911821,6.4735887918707675,39.716474960080525,19,291,242,68
