Recall,PositiveRating,PerfRatio,Impact,top,right,bottom,left
0.49422807103414546,0.49035830372720574,7.077235423610105,43.28777197997268,36,262,222,77
