Recall,PositiveRating,PerfRatio,Impact,top,right,bottom,left
0.4086629633149296,0.407830900292581,6.180027227932685,37.962865837737674,36,262,222,77
