Recall,PositiveRating,PerfRatio,Impact,top,right,bottom,left
0.45710046164097606,0.5454927641618322,7.4322497860143395,45.693175864366864,36,262,222,77
