Recall,PositiveRating,PerfRatio,Impact,top,right,bottom,left
0.48778124731546435,0.44905822842382187,6.969067007924081,42.77699717674136,19,266,242,43
