Recall,PositiveRating,PerfRatio,Impact,top,right,bottom,left
0.44133955371632905,0.4767264365623865,6.926872965267612,42.299677267142734,19,266,242,43
