Recall,PositiveRating,PerfRatio,Impact,top,right,bottom,left
0.43626399786671743,0.44363292590722386,6.743840078718326,40.97067741449284,19,266,242,43
