Recall,PositiveRating,PerfRatio,Impact,top,right,bottom,left
0.3892933388534303,0.4173002427736761,6.768169362427703,41.63935228042228,36,262,222,77
