Recall,PositiveRating,PerfRatio,Impact,top,right,bottom,left
0.40102402260548964,0.38226083942641687,6.881280271783536,42.20123704073305,19,266,242,43
