Recall,PositiveRating,PerfRatio,Impact,top,right,bottom,left
0.45377088362894735,0.5022452732447006,7.1825478455744465,44.26879213965511,19,266,242,43
