Recall,PositiveRating,PerfRatio,Impact,top,right,bottom,left
0.41613678355812467,0.4066581017832434,6.7706405918463055,41.97247651584674,36,262,222,77
