Recall,PositiveRating,PerfRatio,Impact,top,right,bottom,left
0.36841074727928413,0.4328828894519347,6.9695420294568535,43.14453097018401,36,262,222,77
