Recall,PositiveRating,PerfRatio,Impact,top,right,bottom,left
0.423366006211787,0.4157259990273959,6.787141615137289,41.64886118393352,36,262,222,77
