Recall,PositiveRating,PerfRatio,Impact,top,right,bottom,left
0.41277627031619923,0.4362666438283003,6.417668745946335,39.562332518503794,36,262,222,77
