Recall,PositiveRating,PerfRatio,Impact,top,right,bottom,left
0.4448100013707589,0.5251272384490249,7.567303507102652,46.64556152399144,36,262,222,77
