Recall,PositiveRating,PerfRatio,Impact,top,right,bottom,left
0.41549490151996715,0.43831772297596766,6.699026169542997,41.4554425588901,19,266,242,43
