Recall,PositiveRating,PerfRatio,Impact,top,right,bottom,left
0.421575576935344,0.48726585616638324,7.1614214663611415,44.46621163295981,19,266,242,43
