Recall,PositiveRating,PerfRatio,Impact,top,right,bottom,left
0.4648511524209097,0.4575350786665336,6.944772854159521,42.66307346841739,36,262,222,77
