Recall,PositiveRating,PerfRatio,Impact,top,right,bottom,left
0.42918608127060864,0.4302946160938928,7.378895556820664,45.721997786185895,19,266,242,43
