Recall,PositiveRating,PerfRatio,Impact,top,right,bottom,left
0.46030060706293474,0.49499129122184343,7.610150568490207,46.75875493282806,36,262,222,77
