Recall,PositiveRating,PerfRatio,Impact,top,right,bottom,left
0.47736411934193484,0.5785167660692556,4.153820829264562,31.028821800727087,22,246,226,42
