Recall,PositiveRating,PerfRatio,Impact,top,right,bottom,left
0.40415628564033224,0.4391735889714841,6.696785445140083,41.40008332467058,19,266,242,43
