Recall,PositiveRating,PerfRatio,Impact,top,right,bottom,left
0.4285770047568933,0.48784433985400383,6.967023562687533,42.65992568824114,36,262,222,77
