Recall,PositiveRating,PerfRatio,Impact,top,right,bottom,left
0.3964796248726278,0.49739081300155946,7.131744992016498,43.920354452273344,36,262,222,77
