Recall,PositiveRating,PerfRatio,Impact,top,right,bottom,left
0.6561691648900663,0.6151431162037084,4.879795152086507,36.5225603299924,22,266,226,62
