Recall,PositiveRating,PerfRatio,Impact,top,right,bottom,left
0.41490312259934103,0.39761472023536176,6.424572859756545,39.55632513631329,19,266,242,43
