Recall,PositiveRating,PerfRatio,Impact,top,right,bottom,left
0.6843251084632627,0.6391089147964018,5.156624723312705,37.8796087587237,22,266,226,62
