Recall,PositiveRating,PerfRatio,Impact,top,right,bottom,left
0.4521761141766275,0.5409388799801055,7.41179060717133,45.7684488165547,19,266,242,43
