Recall,PositiveRating,PerfRatio,Impact,top,right,bottom,left
0.4167627272888073,0.49403762293788855,4.045276220848817,30.100457792687678,22,266,226,62
