Recall,PositiveRating,PerfRatio,Impact,top,right,bottom,left
0.44695149913582755,0.5174637448427633,7.481955605149471,46.270742208500295,19,266,242,43
