Recall,PositiveRating,PerfRatio,Impact,top,right,bottom,left
0.8517186322943564,0.6497351509453442,6.428589872514341,46.99579535837196,22,246,226,42
