Recall,PositiveRating,PerfRatio,Impact,top,right,bottom,left
0.3880640642196237,0.3457382146338436,6.146877594289962,37.664459760297504,36,262,222,77
