Recall,PositiveRating,PerfRatio,Impact,top,right,bottom,left
0.6314647918108971,0.6448752665181916,4.713884074027948,34.77991141170146,22,266,226,62
