Recall,PositiveRating,PerfRatio,Impact,top,right,bottom,left
0.40032903896733546,0.4695840186347668,3.8645832730699405,29.32765126497477,22,246,226,42
