Recall,PositiveRating,PerfRatio,Impact,top,right,bottom,left
0.3843671037154357,0.3242583872597632,5.815983705745432,35.52480743737611,36,262,222,77
