Recall,PositiveRating,PerfRatio,Impact,top,right,bottom,left
0.49180421939171554,0.5656356892423631,4.086700678041714,29.94068782965669,22,266,226,62
