Recall,PositiveRating,PerfRatio,Impact,top,right,bottom,left
0.40037429984529427,0.40620350528225996,7.160584224598663,44.14726926632694,19,266,242,43
