Recall,PositiveRating,PerfRatio,Impact,top,right,bottom,left
0.616003193582519,0.5965756699770526,4.941888992153829,36.2521027645967,22,266,226,62
