Recall,PositiveRating,PerfRatio,Impact,top,right,bottom,left
0.39852333768639403,0.4042131146515891,6.765264112209389,41.68602128466207,19,266,242,43
