Recall,PositiveRating,PerfRatio,Impact,top,right,bottom,left
0.38177551629493506,0.5168659277526131,3.550465023127624,26.48919546830109,22,246,226,42
