Recall,PositiveRating,PerfRatio,Impact,top,right,bottom,left
0.42333703966150815,0.47321643779734274,6.9265353629981385,42.5125477923754,19,266,242,43
