Recall,PositiveRating,PerfRatio,Impact,top,right,bottom,left
0.47034460023428193,0.4361663606768897,7.111687831606259,43.49152955489559,36,262,222,77
