Recall,PositiveRating,PerfRatio,Impact,top,right,bottom,left
0.7442672287939567,0.6437240566390225,5.374429514334925,39.02505594026104,22,266,226,62
