Recall,PositiveRating,PerfRatio,Impact,top,right,bottom,left
0.4442173222547401,0.46083520328943434,7.018307160094429,43.16447993528557,19,266,242,43
