Recall,PositiveRating,PerfRatio,Impact,top,right,bottom,left
0.49273881940470327,0.5733416062448883,3.970452453386839,29.254223326107848,22,266,226,62
