Recall,PositiveRating,PerfRatio,Impact,top,right,bottom,left
0.34994800315344876,0.44583664444161203,7.030969084857851,43.34265349836131,19,266,242,43
