Recall,PositiveRating,PerfRatio,Impact,top,right,bottom,left
0.6217281651032969,0.6425274822730895,4.381122533792648,32.27740594421887,22,246,226,42
