Recall,PositiveRating,PerfRatio,Impact,top,right,bottom,left
0.42026478476398543,0.3625628590567714,6.02954643936716,36.57089509473572,19,266,242,43
