Recall,PositiveRating,PerfRatio,Impact,top,right,bottom,left
0.6000630166960079,0.5853825839440274,5.008650551046668,37.15847001147614,22,266,226,62
