Recall,PositiveRating,PerfRatio,Impact,top,right,bottom,left
0.6266208588548265,0.5754622251086949,5.09488554662794,37.67421377455584,22,266,226,62
