Recall,PositiveRating,PerfRatio,Impact,top,right,bottom,left
0.5676182181007221,0.5768336334818707,4.419635483527957,33.0481414772651,22,266,226,62
