Recall,PositiveRating,PerfRatio,Impact,top,right,bottom,left
0.4308725488629832,0.44772755461142394,6.433132832438528,39.055933906900925,36,262,222,77
