Recall,PositiveRating,PerfRatio,Impact,top,right,bottom,left
0.819516254813268,0.7112853572371356,5.783647588772245,42.50677292200851,22,246,226,42
