Recall,PositiveRating,PerfRatio,Impact,top,right,bottom,left
0.40936707476461054,0.4441069464899829,7.207452940568653,44.30261412997985,36,262,222,77
