Recall,PositiveRating,PerfRatio,Impact,top,right,bottom,left
0.507227151055327,0.5561065413330635,4.282326553038529,31.6919551971189,22,266,226,62
