Recall,PositiveRating,PerfRatio,Impact,top,right,bottom,left
0.5593249693828177,0.5544281452167482,4.662543511923725,34.95650205626924,22,266,226,62
