Recall,PositiveRating,PerfRatio,Impact,top,right,bottom,left
0.45357657767405524,0.47250158049896546,7.482611936710754,46.26211482681747,36,262,222,77
