Recall,PositiveRating,PerfRatio,Impact,top,right,bottom,left
0.3499033823679274,0.4423036965118074,6.992086860808654,43.179203313040055,19,266,242,43
