Recall,PositiveRating,PerfRatio,Impact,top,right,bottom,left
0.6352123070966553,0.5835803259987018,5.08011295631399,37.82260021943469,22,266,226,62
