Recall,PositiveRating,PerfRatio,Impact,top,right,bottom,left
0.4478066740465704,0.4300841193334369,6.858229448922445,42.07295821269849,36,262,222,77
