Recall,PositiveRating,PerfRatio,Impact,top,right,bottom,left
0.5898566790691846,0.5407348472434075,4.696094467269153,35.33276744021886,0,283,231,38
