Recall,PositiveRating,PerfRatio,Impact,top,right,bottom,left
0.41218380754565376,0.48619968124877394,7.085361049533022,43.54883980711987,19,266,242,43
