Recall,PositiveRating,PerfRatio,Impact,top,right,bottom,left
0.4495851206784653,0.5390182621968712,3.7248346777211956,27.51892445955205,22,266,226,62
