Recall,PositiveRating,PerfRatio,Impact,top,right,bottom,left
0.43170121547499773,0.43038309686190873,7.028697712529165,43.4199875563303,19,266,242,43
