Recall,PositiveRating,PerfRatio,Impact,top,right,bottom,left
0.7630434567818838,0.6515507789505243,5.651267255161441,41.933697280643095,11,283,255,38
