Recall,PositiveRating,PerfRatio,Impact,top,right,bottom,left
0.4888967391428055,0.5017325175197297,7.53098158903573,46.29420996177983,43,291,266,68
