Recall,PositiveRating,PerfRatio,Impact,top,right,bottom,left
0.6529147742090158,0.5892169193910097,4.78859013999132,35.190409392818765,22,266,226,62
