Recall,PositiveRating,PerfRatio,Impact,top,right,bottom,left
0.3650163324436251,0.4024665593526698,6.591544359008322,40.35560996793879,36,262,222,77
