Recall,PositiveRating,PerfRatio,Impact,top,right,bottom,left
0.42957078552194206,0.42455255386253016,6.485835961799005,39.65428034958381,36,262,222,77
