Recall,PositiveRating,PerfRatio,Impact,top,right,bottom,left
0.4215757923945028,0.46537814338402744,6.904764411700418,42.55600644458027,43,266,266,43
