Recall,PositiveRating,PerfRatio,Impact,top,right,bottom,left
0.7431441295553993,0.6521982260964212,5.445470076396542,40.166266647736336,22,266,226,62
