Recall,PositiveRating,PerfRatio,Impact,top,right,bottom,left
0.4949483426100311,0.4873954374242501,4.770241901143184,34.98129827903853,22,266,226,62
