Recall,PositiveRating,PerfRatio,Impact,top,right,bottom,left
0.6123678112136124,0.6417584846406893,4.805875282248578,35.71260176375305,22,266,226,62
