Recall,PositiveRating,PerfRatio,Impact,top,right,bottom,left
0.4036721750365464,0.4027044981178925,6.424150215253348,39.575064117970534,19,266,242,43
