Recall,PositiveRating,PerfRatio,Impact,top,right,bottom,left
0.44571731404125015,0.40733469350716606,6.234762645779666,38.05331698113602,36,262,222,77
