Recall,PositiveRating,PerfRatio,Impact,top,right,bottom,left
0.5275874134656935,0.5551592271896608,4.255993588770796,31.75078894914578,22,246,226,42
