Recall,PositiveRating,PerfRatio,Impact,top,right,bottom,left
0.7177978818385042,0.6023164657972109,5.388722527675701,39.57348773369795,22,266,226,62
