Recall,PositiveRating,PerfRatio,Impact,top,right,bottom,left
0.4722544591253088,0.5247390808382855,4.063939106192344,29.9979426523448,22,266,226,62
