Recall,PositiveRating,PerfRatio,Impact,top,right,bottom,left
0.4747306701357342,0.5462931816722484,7.765875299753646,47.776978095636856,36,262,222,77
