Recall,PositiveRating,PerfRatio,Impact,top,right,bottom,left
0.4045880022548415,0.30529258792698194,5.692889755090891,34.84715965917484,36,262,222,77
