Recall,PositiveRating,PerfRatio,Impact,top,right,bottom,left
0.4754561345031269,0.6040367159178631,3.782762080909319,28.100585803816127,22,246,226,42
