Recall,PositiveRating,PerfRatio,Impact,top,right,bottom,left
0.7023474929424087,0.6447461702513307,5.321659237372807,39.496923094805474,22,266,226,62
