Recall,PositiveRating,PerfRatio,Impact,top,right,bottom,left
0.4057184621927583,0.44508091132657196,6.93154837327389,42.78484417761798,36,262,222,77
