Recall,PositiveRating,PerfRatio,Impact,top,right,bottom,left
0.5338230578995573,0.5601800432567998,4.857748995265273,36.16020734294475,11,283,255,38
