Recall,PositiveRating,PerfRatio,Impact,top,right,bottom,left
0.42679670473372344,0.43393575711807825,7.239364375684698,44.58363908806695,36,262,222,77
