Recall,PositiveRating,PerfRatio,Impact,top,right,bottom,left
0.7133562731003997,0.6759378524969465,5.29995221095748,38.76081284273326,22,266,226,62
