Recall,PositiveRating,PerfRatio,Impact,top,right,bottom,left
0.41467227618146,0.516772088644439,3.776672670109448,27.969963051605223,22,266,226,62
