Recall,PositiveRating,PerfRatio,Impact,top,right,bottom,left
0.43322339253657527,0.4435026900736852,7.0134533453840735,42.98820553733185,36,262,222,77
