Recall,PositiveRating,PerfRatio,Impact,top,right,bottom,left
0.4459214238690249,0.4457146941016004,7.1306902871931195,44.01551775553442,19,266,242,43
