Recall,PositiveRating,PerfRatio,Impact,top,right,bottom,left
0.4648205558235594,0.5210599400465811,7.494991961770462,46.23204648527382,36,262,222,77
