Recall,PositiveRating,PerfRatio,Impact,top,right,bottom,left
0.6695113737650786,0.6452243363924381,5.339083453335401,39.451744408367205,22,246,226,42
