Recall,PositiveRating,PerfRatio,Impact,top,right,bottom,left
0.5418441991294387,0.5898115918096979,3.8961456116423907,28.982140179620405,22,266,226,62
