Recall,PositiveRating,PerfRatio,Impact,top,right,bottom,left
0.5812419029832288,0.5471483059722962,4.692259333974633,34.99912180915781,22,246,226,42
