Recall,PositiveRating,PerfRatio,Impact,top,right,bottom,left
0.38764138526184,0.43078104936431033,7.060387987240153,43.35784771196497,19,266,242,43
