Recall,PositiveRating,PerfRatio,Impact,top,right,bottom,left
0.7096943885672522,0.6598806960979018,4.977665296171704,36.546269660671676,22,266,226,62
