Recall,PositiveRating,PerfRatio,Impact,top,right,bottom,left
0.3913137033523867,0.4093098395846056,7.2181018389207035,44.79475571319494,19,266,242,43
