Recall,PositiveRating,PerfRatio,Impact,top,right,bottom,left
0.4232366897914418,0.37123795367979884,6.416066833130857,39.58654097386776,19,266,242,43
