Recall,PositiveRating,PerfRatio,Impact,top,right,bottom,left
0.6093541449979265,0.6244477361939128,4.505994724706751,33.229644669081665,22,266,226,62
