Recall,PositiveRating,PerfRatio,Impact,top,right,bottom,left
0.5898630382214431,0.6394510436785223,4.780154154932057,34.8619251312416,22,266,226,62
