Recall,PositiveRating,PerfRatio,Impact,top,right,bottom,left
0.480752240858907,0.526806528232149,7.662412526002322,47.43921899268662,36,262,222,77
