Recall,PositiveRating,PerfRatio,Impact,top,right,bottom,left
0.383314339722732,0.41386504324945134,6.896436189246594,42.5746682866304,19,266,242,43
