Recall,PositiveRating,PerfRatio,Impact,top,right,bottom,left
0.38342609801507804,0.5170889666567944,3.683660591792894,27.818384674746344,22,266,226,62
