Recall,PositiveRating,PerfRatio,Impact,top,right,bottom,left
0.5515528823994116,0.608673242816056,4.729546567800077,35.490375200362855,22,246,226,42
