Recall,PositiveRating,PerfRatio,Impact,top,right,bottom,left
0.4033106139867839,0.4102967858621816,6.603718362839985,40.48668040504437,19,266,242,43
