Recall,PositiveRating,PerfRatio,Impact,top,right,bottom,left
0.4364769503299192,0.49988388630633046,6.919252497822545,42.28935744516226,36,262,222,77
