Recall,PositiveRating,PerfRatio,Impact,top,right,bottom,left
0.408885014081824,0.46812348020209155,7.154557199232645,44.09230871921973,36,262,222,77
