Recall,PositiveRating,PerfRatio,Impact,top,right,bottom,left
0.46225387918000516,0.5057921671969041,7.087730300384098,43.35708437342169,36,262,222,77
