Recall,PositiveRating,PerfRatio,Impact,top,right,bottom,left
0.39742355700199195,0.3668690098155858,6.4638578184285755,39.76388735814568,36,262,222,77
