Recall,PositiveRating,PerfRatio,Impact,top,right,bottom,left
0.40548276227665253,0.5097741519561292,3.9727364344879605,29.580169345546224,22,266,226,62
