Recall,PositiveRating,PerfRatio,Impact,top,right,bottom,left
0.4645213378876562,0.5722000281868727,4.488625942026516,33.223505332322134,1,246,205,42
