Recall,PositiveRating,PerfRatio,Impact,top,right,bottom,left
0.46493456419411866,0.5422729862432629,4.296207036050662,32.01444814858814,22,266,226,62
