Recall,PositiveRating,PerfRatio,Impact,top,right,bottom,left
0.39082178793000083,0.5592099105764085,3.468972624522971,26.052884803129537,22,266,226,62
