Recall,PositiveRating,PerfRatio,Impact,top,right,bottom,left
0.5859768153348954,0.5620102258275874,4.786773890375081,35.53975931382265,22,266,226,62
