Recall,PositiveRating,PerfRatio,Impact,top,right,bottom,left
0.47474416211104786,0.47233071721402603,7.210780592718714,44.712729221605926,19,266,242,43
