Recall,PositiveRating,PerfRatio,Impact,top,right,bottom,left
0.44503396680657326,0.4248615398432192,6.524457925248825,40.04184421746449,19,266,242,43
