Recall,PositiveRating,PerfRatio,Impact,top,right,bottom,left
0.538278062350976,0.5934002212428511,4.686572956575235,34.50164371908999,22,266,226,62
