Recall,PositiveRating,PerfRatio,Impact,top,right,bottom,left
0.44964631456757953,0.43918603196184997,6.5942823018041645,40.39444977078656,36,262,222,77
