Recall,PositiveRating,PerfRatio,Impact,top,right,bottom,left
0.591758550077911,0.605542918128943,4.434421352203179,33.027131655700806,22,246,226,42
