Recall,PositiveRating,PerfRatio,Impact,top,right,bottom,left
0.4150159669496535,0.47198598885083404,7.069538907037803,43.60964190872079,43,291,266,68
