Recall,PositiveRating,PerfRatio,Impact,top,right,bottom,left
0.4383537599907379,0.4562799595481,7.151199537440391,44.35358291182728,19,266,242,43
