Recall,PositiveRating,PerfRatio,Impact,top,right,bottom,left
0.4376727391929347,0.454680266416482,7.127219639260328,43.796631774259616,19,266,242,43
