Recall,PositiveRating,PerfRatio,Impact,top,right,bottom,left
0.5931196662719258,0.5612839008764199,4.961830492951335,36.73553211913353,11,283,255,38
