Recall,PositiveRating,PerfRatio,Impact,top,right,bottom,left
0.36071279986771665,0.38338101805112235,6.267207996428204,38.704881598150486,36,262,222,77
