Recall,PositiveRating,PerfRatio,Impact,top,right,bottom,left
0.41015139008986345,0.4787310927471283,6.87903020918058,42.279727625453795,19,266,242,43
