Recall,PositiveRating,PerfRatio,Impact,top,right,bottom,left
0.4315730987959663,0.44031505708298974,6.791898274033836,41.658033475743714,36,262,222,77
