Recall,PositiveRating,PerfRatio,Impact,top,right,bottom,left
0.43645649825843236,0.4988415174376711,7.408060661850455,45.80152484011022,36,262,222,77
