Recall,PositiveRating,PerfRatio,Impact,top,right,bottom,left
0.4200171826134147,0.5116534362736759,7.131215970363337,43.971861463811365,19,266,242,43
