Recall,PositiveRating,PerfRatio,Impact,top,right,bottom,left
0.6414463565960729,0.6314609016562973,5.182240419085944,38.45024559539265,22,266,226,62
