Recall,PositiveRating,PerfRatio,Impact,top,right,bottom,left
0.44307407014321065,0.4929104555640898,7.2859993968805625,45.06580233570325,19,266,242,43
