Recall,PositiveRating,PerfRatio,Impact,top,right,bottom,left
0.5048728833527916,0.5606353822455815,3.7964148837585396,28.14269566809661,22,266,226,62
