Recall,PositiveRating,PerfRatio,Impact,top,right,bottom,left
0.4164844303426607,0.45413778394808385,7.1966065508907295,44.33684361578252,36,262,222,77
