Recall,PositiveRating,PerfRatio,Impact,top,right,bottom,left
0.5913088383576683,0.6088254551029234,4.334651619243273,31.726427446027696,22,266,226,62
