Recall,PositiveRating,PerfRatio,Impact,top,right,bottom,left
0.479588634708596,0.556504849322875,4.104089766210175,30.137692747212505,22,266,226,62
