Recall,PositiveRating,PerfRatio,Impact,top,right,bottom,left
0.38509793507280404,0.5075377055284905,4.010041815135067,30.208894790672883,22,246,226,42
