Recall,PositiveRating,PerfRatio,Impact,top,right,bottom,left
0.4289793965011321,0.5974728019905136,3.333309144303972,24.95679249379599,22,266,226,62
