Recall,PositiveRating,PerfRatio,Impact,top,right,bottom,left
0.6275076813365268,0.6133436457461335,5.055631798895306,37.66653306220358,22,246,226,42
