Recall,PositiveRating,PerfRatio,Impact,top,right,bottom,left
0.5365941231567517,0.5329386833396534,4.861413325758282,36.263978574964575,22,266,226,62
