Recall,PositiveRating,PerfRatio,Impact,top,right,bottom,left
0.39087284622633045,0.3966361048294422,6.493014046483329,39.8380023393425,19,291,242,68
