Recall,PositiveRating,PerfRatio,Impact,top,right,bottom,left
0.5107615991667658,0.5374187165970294,3.9529797479904376,29.40243584134579,0,283,231,38
