Recall,PositiveRating,PerfRatio,Impact,top,right,bottom,left
0.40500160588525225,0.436146161064579,6.766322261634264,41.41046309299715,36,262,222,77
