Recall,PositiveRating,PerfRatio,Impact,top,right,bottom,left
0.7036907861702448,0.6572685484735628,5.375366254275872,40.14142960351662,22,266,226,62
