Recall,PositiveRating,PerfRatio,Impact,top,right,bottom,left
0.4352375109525841,0.43996187121570657,6.959939184022914,42.80120222757607,19,291,242,68
