Recall,PositiveRating,PerfRatio,Impact,top,right,bottom,left
0.43898687293178484,0.4243250620803169,6.35986849371496,38.95078998761525,19,266,242,43
