Recall,PositiveRating,PerfRatio,Impact,top,right,bottom,left
0.6828946156540494,0.6087590995043328,5.338522699212313,39.124556290133675,1,266,205,62
