Recall,PositiveRating,PerfRatio,Impact,top,right,bottom,left
0.4221956658486564,0.5227072062516663,7.5451632943250715,46.58189569681183,36,262,222,77
