Recall,PositiveRating,PerfRatio,Impact,top,right,bottom,left
0.8150096065482881,0.640244775837803,5.293521977597837,38.67145162063603,22,266,226,62
