Recall,PositiveRating,PerfRatio,Impact,top,right,bottom,left
0.39488234869145444,0.47864307246466015,7.043398256025052,43.25779492155408,36,262,222,77
