Recall,PositiveRating,PerfRatio,Impact,top,right,bottom,left
0.6337431563479405,0.5883317459445379,5.224976527595596,39.114124100849935,22,266,226,62
