Recall,PositiveRating,PerfRatio,Impact,top,right,bottom,left
0.693013203909224,0.629037527479507,5.490920748135138,40.81886339300527,22,266,226,62
