Recall,PositiveRating,PerfRatio,Impact,top,right,bottom,left
0.37814196946079626,0.38506283690694476,6.435206397449967,39.486865771260796,19,266,242,43
