Recall,PositiveRating,PerfRatio,Impact,top,right,bottom,left
0.5851558924757583,0.6400485797047253,4.5450296783340915,33.39020977998294,22,287,226,83
