Recall,PositiveRating,PerfRatio,Impact,top,right,bottom,left
0.616377382837412,0.5724458678100688,4.768822493268832,35.248461949496644,22,266,226,62
