Recall,PositiveRating,PerfRatio,Impact,top,right,bottom,left
0.5873219504744631,0.5859412731887669,4.7449746073641235,35.25310609953581,22,266,226,62
