Recall,PositiveRating,PerfRatio,Impact,top,right,bottom,left
0.4151523396356629,0.3777298014036949,6.6039045182901805,40.71084267877776,36,262,222,77
