Recall,PositiveRating,PerfRatio,Impact,top,right,bottom,left
0.38718881758586077,0.4539419491870557,6.621280122828472,40.910124718576746,19,266,242,43
