Recall,PositiveRating,PerfRatio,Impact,top,right,bottom,left
0.4606450245885221,0.42440568847885657,6.769263840982124,41.57720626668897,19,266,242,43
