Recall,PositiveRating,PerfRatio,Impact,top,right,bottom,left
0.596666867347722,0.5778569251934592,4.847811774354213,36.25187664123592,22,266,226,62
