Recall,PositiveRating,PerfRatio,Impact,top,right,bottom,left
0.39285322672597456,0.3720805356421461,6.5157498639670655,39.860288982258645,19,266,242,43
