Recall,PositiveRating,PerfRatio,Impact,top,right,bottom,left
0.4021993829461669,0.5503154815942943,3.7255341487725664,27.966931910847677,22,246,226,42
