Recall,PositiveRating,PerfRatio,Impact,top,right,bottom,left
0.7493449249776822,0.6932849019438215,4.890929398978864,35.36573405134172,22,266,226,62
