Recall,PositiveRating,PerfRatio,Impact,top,right,bottom,left
0.3773295191466338,0.4270645275080495,6.543155558448462,39.69900238578806,19,266,242,43
