Recall,PositiveRating,PerfRatio,Impact,top,right,bottom,left
0.7320194190546667,0.6384207638215216,5.497741334116989,40.718051841532215,22,266,226,62
