Recall,PositiveRating,PerfRatio,Impact,top,right,bottom,left
0.5650012020028778,0.5611034759099192,4.556468966915769,33.75573838767758,22,246,226,42
