Recall,PositiveRating,PerfRatio,Impact,top,right,bottom,left
0.44630123294564483,0.5432866972813619,7.604842661753281,47.041087875205875,19,266,242,43
