Recall,PositiveRating,PerfRatio,Impact,top,right,bottom,left
0.44152647426891245,0.4764293027617544,7.066109541878146,43.50010240231376,36,262,222,77
