Recall,PositiveRating,PerfRatio,Impact,top,right,bottom,left
0.5900519318751107,0.567366550355388,4.884178510607908,36.3520858326872,22,246,226,42
