Recall,PositiveRating,PerfRatio,Impact,top,right,bottom,left
0.7058922906454124,0.6290574501570951,5.48930776656906,40.631271352325506,22,266,226,62
