Recall,PositiveRating,PerfRatio,Impact,top,right,bottom,left
0.4626475886358098,0.42095545538632734,6.692655214072077,41.02616010840893,36,262,222,77
