Recall,PositiveRating,PerfRatio,Impact,top,right,bottom,left
0.4245629689053755,0.4215601380050156,6.629792086655412,40.82596883539328,19,266,242,43
