Recall,PositiveRating,PerfRatio,Impact,top,right,bottom,left
0.6772272765122416,0.6653881202697501,4.850609906076976,35.66814931725006,22,266,226,62
