Recall,PositiveRating,PerfRatio,Impact,top,right,bottom,left
0.554719374616661,0.6161166120775468,4.651033878025284,34.02054169617148,22,266,226,62
