Recall,PositiveRating,PerfRatio,Impact,top,right,bottom,left
0.4870540453407365,0.5168302582987178,7.625802531499342,46.94060715376662,36,262,222,77
