Recall,PositiveRating,PerfRatio,Impact,top,right,bottom,left
0.5707683972376902,0.5937618123267354,4.325552554287061,32.67574272473651,22,266,226,62
