Recall,PositiveRating,PerfRatio,Impact,top,right,bottom,left
0.4236707677296774,0.46868228182602717,6.722053195014493,41.558278341448776,36,262,222,77
