Recall,PositiveRating,PerfRatio,Impact,top,right,bottom,left
0.4089055291084516,0.4921574334796959,4.184357179373337,31.430334209563636,22,266,226,62
