Recall,PositiveRating,PerfRatio,Impact,top,right,bottom,left
0.711269248681784,0.6432802998076903,5.593025846671381,41.31472232231844,22,246,226,42
