Recall,PositiveRating,PerfRatio,Impact,top,right,bottom,left
0.4434199522805735,0.4502667452128433,6.559887787466861,40.11286082881916,36,262,222,77
