Recall,PositiveRating,PerfRatio,Impact,top,right,bottom,left
0.3938606275039723,0.384548182755829,6.189810642281053,38.09275637104168,36,262,222,77
