Recall,PositiveRating,PerfRatio,Impact,top,right,bottom,left
0.6964662031646223,0.6161446580504061,5.520477313017018,41.091407479905385,22,266,226,62
