Recall,PositiveRating,PerfRatio,Impact,top,right,bottom,left
0.31621688629714384,0.42322007672605305,6.690996263039705,41.159180957375554,19,266,242,43
