Recall,PositiveRating,PerfRatio,Impact,top,right,bottom,left
0.4162624431712021,0.4668352896563442,6.688159805560002,41.13225689151065,36,262,222,77
