Recall,PositiveRating,PerfRatio,Impact,top,right,bottom,left
0.44190725081587867,0.37923065582293763,6.6014436351196295,40.34588917479479,19,266,242,43
