Recall,PositiveRating,PerfRatio,Impact,top,right,bottom,left
0.6197624266049591,0.550368855535628,5.068706478646893,37.56581928725905,22,266,226,62
