Recall,PositiveRating,PerfRatio,Impact,top,right,bottom,left
0.4004310150179765,0.42327345189600846,7.142353824227416,43.83468770272817,19,266,242,43
