Recall,PositiveRating,PerfRatio,Impact,top,right,bottom,left
0.634670761677316,0.5471594355506639,4.496748868799645,33.00284055006678,22,266,226,62
