Recall,PositiveRating,PerfRatio,Impact,top,right,bottom,left
0.5617113906030429,0.6006774057963311,4.67570769603613,34.9717030404204,22,266,226,62
