Recall,PositiveRating,PerfRatio,Impact,top,right,bottom,left
0.3748848965588909,0.392639469207973,6.402319290677303,39.17164267198769,19,266,242,43
