Recall,PositiveRating,PerfRatio,Impact,top,right,bottom,left
0.609807849990903,0.5931091587891476,4.702666434455639,34.90304123575512,22,266,226,62
