Recall,PositiveRating,PerfRatio,Impact,top,right,bottom,left
0.7691083560982293,0.6615790839107086,5.753439868091443,42.135885314390656,22,266,226,62
