Recall,PositiveRating,PerfRatio,Impact,top,right,bottom,left
0.44187937125103416,0.4147695603289799,6.768559757543152,41.320372007799655,19,266,242,43
