Recall,PositiveRating,PerfRatio,Impact,top,right,bottom,left
0.4186465140388129,0.35653584741664346,5.92970751769008,36.054075020058534,19,291,242,68
