Recall,PositiveRating,PerfRatio,Impact,top,right,bottom,left
0.5841790528100483,0.6001197396759408,4.796860541233166,35.4304420171261,22,266,226,62
