Recall,PositiveRating,PerfRatio,Impact,top,right,bottom,left
0.36743177428405316,0.38677460118573426,6.56398500881774,40.10648358339518,19,266,242,43
