Recall,PositiveRating,PerfRatio,Impact,top,right,bottom,left
0.4362454538040067,0.44163162330183586,6.809870964968788,41.460677989810186,36,262,222,77
