Recall,PositiveRating,PerfRatio,Impact,top,right,bottom,left
0.4795903189444718,0.4961946460678344,7.317368477496466,45.19961005279139,19,266,242,43
