Recall,PositiveRating,PerfRatio,Impact,top,right,bottom,left
0.40695560342624715,0.40884444676677384,6.439592804947502,39.43758596965759,36,262,222,77
