Recall,PositiveRating,PerfRatio,Impact,top,right,bottom,left
0.4726358058590929,0.5508050062767454,3.8367403389941455,28.742344456746938,11,283,255,38
