Recall,PositiveRating,PerfRatio,Impact,top,right,bottom,left
0.590551466107474,0.6032563154839568,4.149798929572642,30.561724220338036,1,266,205,62
