Recall,PositiveRating,PerfRatio,Impact,top,right,bottom,left
0.5650727587940982,0.5721974345421637,4.797644159323873,35.64511568080728,22,246,226,42
