Recall,PositiveRating,PerfRatio,Impact,top,right,bottom,left
0.5943861876967824,0.5975517671440502,4.521787983103036,33.77031020330678,22,246,226,42
