Recall,PositiveRating,PerfRatio,Impact,top,right,bottom,left
0.7073861463747322,0.6390667546096618,4.981806203295064,36.571126989876184,22,246,226,42
