Recall,PositiveRating,PerfRatio,Impact,top,right,bottom,left
0.41393624478624524,0.42062272178185517,7.03454174891803,43.16587164441915,36,262,222,77
