Recall,PositiveRating,PerfRatio,Impact,top,right,bottom,left
0.37594488749890664,0.450058717992699,6.965931256583706,43.04976815863615,36,262,222,77
