Recall,PositiveRating,PerfRatio,Impact,top,right,bottom,left
0.43455074580269426,0.4497404682533375,6.779932710801211,41.55840635710542,19,266,242,43
