Recall,PositiveRating,PerfRatio,Impact,top,right,bottom,left
0.6688037036153058,0.6301657859070136,4.977169946671697,37.03249148007214,22,266,226,62
