Recall,PositiveRating,PerfRatio,Impact,top,right,bottom,left
0.4066169476643716,0.4220089893570676,6.817416685953206,41.996201829780546,19,266,242,43
