Recall,PositiveRating,PerfRatio,Impact,top,right,bottom,left
0.42297843099083454,0.4392450249020738,7.070016813564776,43.83608127541504,19,266,242,43
