Recall,PositiveRating,PerfRatio,Impact,top,right,bottom,left
0.3712452527818869,0.42145795260023494,6.782201295455963,41.871456409086576,19,266,242,43
