Recall,PositiveRating,PerfRatio,Impact,top,right,bottom,left
0.48782584488492703,0.5099853245570878,4.448092297644273,33.39162937025392,22,266,226,62
