Recall,PositiveRating,PerfRatio,Impact,top,right,bottom,left
0.4614336562995399,0.4502042200075705,7.083198170096119,43.50972564128413,19,266,242,43
