Recall,PositiveRating,PerfRatio,Impact,top,right,bottom,left
0.44342629845884185,0.5443893492683691,7.637574400240032,47.538559137928985,19,266,242,43
