Recall,PositiveRating,PerfRatio,Impact,top,right,bottom,left
0.42244541927697543,0.45859633055533994,7.217849059939276,44.17323837627275,36,262,222,77
