Recall,PositiveRating,PerfRatio,Impact,top,right,bottom,left
0.655593360281105,0.6652113302328782,4.792400091389288,35.24276183523438,22,266,226,62
