Recall,PositiveRating,PerfRatio,Impact,top,right,bottom,left
0.3209275860021977,0.5055008771558822,3.5869298767570825,27.040136523692805,22,266,226,62
