Recall,PositiveRating,PerfRatio,Impact,top,right,bottom,left
0.3927557404654528,0.440455809952177,6.9091888776884325,42.53238561578647,19,266,242,43
