Recall,PositiveRating,PerfRatio,Impact,top,right,bottom,left
0.5818446322417639,0.6249375535853956,4.52220907133756,33.35195440759643,22,266,226,62
