Recall,PositiveRating,PerfRatio,Impact,top,right,bottom,left
0.40818225179132317,0.4437831796549267,7.058150022514126,43.45856992960954,19,266,242,43
