Recall,PositiveRating,PerfRatio,Impact,top,right,bottom,left
0.5817521922335909,0.600965606400248,4.038554822950554,29.99844656983093,22,246,226,42
