Recall,PositiveRating,PerfRatio,Impact,top,right,bottom,left
0.42016037689958263,0.40049296663694317,6.595905294526492,40.74685761606805,36,262,222,77
