Recall,PositiveRating,PerfRatio,Impact,top,right,bottom,left
0.5514981107324832,0.5712048037844618,4.589588937847017,34.41097840310371,11,283,255,38
