Recall,PositiveRating,PerfRatio,Impact,top,right,bottom,left
0.5741995877086792,0.5851016485284655,4.49429712898951,32.97424447754257,22,246,226,42
