Recall,PositiveRating,PerfRatio,Impact,top,right,bottom,left
0.3782136363282799,0.47523719398435504,3.658821171279403,28.078797045932674,22,266,226,62
