Recall,PositiveRating,PerfRatio,Impact,top,right,bottom,left
0.5092348732969829,0.5244540854729136,4.243940967553187,32.58540468622236,22,266,226,62
