Recall,PositiveRating,PerfRatio,Impact,top,right,bottom,left
0.49497326163094524,0.5163344877035891,7.609588222978071,46.819070251760614,19,266,242,43
