Recall,PositiveRating,PerfRatio,Impact,top,right,bottom,left
0.4082002374957103,0.41216374762834224,6.843533664041323,41.78510211999974,19,266,242,43
