Recall,PositiveRating,PerfRatio,Impact,top,right,bottom,left
0.5921910224277642,0.5159079567977907,4.996637487080575,37.23063229764479,22,266,226,62
