Recall,PositiveRating,PerfRatio,Impact,top,right,bottom,left
0.37789267008654936,0.4559105482143531,7.397898669383399,45.61649622191564,36,262,222,77
