Recall,PositiveRating,PerfRatio,Impact,top,right,bottom,left
0.45584051274001125,0.5219606300285932,7.266923831954908,44.55029052625912,19,266,242,43
