Recall,PositiveRating,PerfRatio,Impact,top,right,bottom,left
0.4313613122806974,0.4397787246938614,6.410639587068443,39.18047956060374,36,262,222,77
