Recall,PositiveRating,PerfRatio,Impact,top,right,bottom,left
0.5057061212610836,0.5633545789802769,4.486459803746874,33.57010075808752,22,246,226,42
