Recall,PositiveRating,PerfRatio,Impact,top,right,bottom,left
0.48313193165875734,0.4238977396138726,6.688214848985353,40.77816015208347,36,262,222,77
