Recall,PositiveRating,PerfRatio,Impact,top,right,bottom,left
0.4795862273438108,0.5675886647342769,4.209875213235647,30.900238678758083,22,266,226,62
