Recall,PositiveRating,PerfRatio,Impact,top,right,bottom,left
0.6088902806273955,0.6177785340218704,4.72141787560185,34.77963993746031,22,266,226,62
