Recall,PositiveRating,PerfRatio,Impact,top,right,bottom,left
0.8093837443839158,0.7138918111973604,5.540854311765798,40.55341222696968,22,266,226,62
