Recall,PositiveRating,PerfRatio,Impact,top,right,bottom,left
0.40360862899297867,0.4348910923806513,7.088701402617028,43.41622329177086,36,262,222,77
