Recall,PositiveRating,PerfRatio,Impact,top,right,bottom,left
0.5993185002944581,0.5928896497719349,4.276125786948235,31.38327202737078,22,266,226,62
