Recall,PositiveRating,PerfRatio,Impact,top,right,bottom,left
0.44860702266401453,0.4730585647865065,6.979255692957298,42.833119238555646,36,262,222,77
