Recall,PositiveRating,PerfRatio,Impact,top,right,bottom,left
0.44998657966922523,0.5259367145417742,4.002842955096934,30.058400058853874,22,266,226,62
