Recall,PositiveRating,PerfRatio,Impact,top,right,bottom,left
0.5992238166099433,0.5589652953310824,4.808109036609129,35.95117805466126,22,266,226,62
