Recall,PositiveRating,PerfRatio,Impact,top,right,bottom,left
0.3876945246340884,0.38082213889155436,6.515565207687447,39.96985845614856,36,262,222,77
