Recall,PositiveRating,PerfRatio,Impact,top,right,bottom,left
0.7759528195955894,0.6731103683710209,5.5157643352623875,40.27123292822706,22,266,226,62
