Recall,PositiveRating,PerfRatio,Impact,top,right,bottom,left
0.4221468061954111,0.4121565030106554,6.76028926464258,41.45895824029922,19,266,242,43
