Recall,PositiveRating,PerfRatio,Impact,top,right,bottom,left
0.48354042079368414,0.525988861540942,3.959597659813121,29.481434189941673,22,246,226,42
