Recall,PositiveRating,PerfRatio,Impact,top,right,bottom,left
0.37960655305874685,0.4500356782983151,4.045222694095036,30.48795269438389,22,266,226,62
