Recall,PositiveRating,PerfRatio,Impact,top,right,bottom,left
0.706055402325998,0.6276987355748522,5.363458389294097,39.86966999556997,22,266,226,62
