Recall,PositiveRating,PerfRatio,Impact,top,right,bottom,left
0.4132883600307963,0.40299105286510545,6.820895418554709,41.75291644931425,19,266,242,43
