Recall,PositiveRating,PerfRatio,Impact,top,right,bottom,left
0.4187561731009831,0.4454678625936999,6.902777251911685,41.94820115807325,19,291,242,68
