Recall,PositiveRating,PerfRatio,Impact,top,right,bottom,left
0.5115032703152589,0.5465206234175612,4.477709342440424,33.52960776373856,11,283,255,38
