Recall,PositiveRating,PerfRatio,Impact,top,right,bottom,left
0.39018196123667825,0.3888185785533717,6.43269076986855,39.770878661644026,19,291,242,68
