Recall,PositiveRating,PerfRatio,Impact,top,right,bottom,left
0.38921017054739543,0.5123008462895323,3.7942860728294243,28.473409200245698,22,266,226,62
