Recall,PositiveRating,PerfRatio,Impact,top,right,bottom,left
0.43855187671148926,0.5422908528519981,3.909134644910141,28.791610753881063,11,283,255,38
