Recall,PositiveRating,PerfRatio,Impact,top,right,bottom,left
0.4459458344411946,0.4796842519083933,7.227732332849739,44.63466878277915,19,266,242,43
