Recall,PositiveRating,PerfRatio,Impact,top,right,bottom,left
0.3838712385794546,0.3566253350489007,6.285540237183791,38.19880485803755,19,266,242,43
