Recall,PositiveRating,PerfRatio,Impact,top,right,bottom,left
0.4313299152447808,0.5229139412887166,7.113800998509443,43.70706472084336,36,262,222,77
