Recall,PositiveRating,PerfRatio,Impact,top,right,bottom,left
0.3883484852395508,0.36827259311218313,5.846857973526962,35.52691427892962,36,262,222,77
