Recall,PositiveRating,PerfRatio,Impact,top,right,bottom,left
0.5430643327386862,0.574612238819413,4.596205923901773,33.69141812833129,22,246,226,42
