Recall,PositiveRating,PerfRatio,Impact,top,right,bottom,left
0.4287611209464136,0.4558153422239593,6.632081085880717,40.38125271780595,36,262,222,77
