Recall,PositiveRating,PerfRatio,Impact,top,right,bottom,left
0.5156827432896238,0.5690270552213978,3.8565276395836365,28.481150717737055,22,266,226,62
