Recall,PositiveRating,PerfRatio,Impact,top,right,bottom,left
0.41487205417642337,0.5059767903435769,7.360596127642229,45.55570233670845,19,266,242,43
