Recall,PositiveRating,PerfRatio,Impact,top,right,bottom,left
0.7239893444725414,0.6585427641419352,5.097500191827868,37.731627437157265,22,266,226,62
