Recall,PositiveRating,PerfRatio,Impact,top,right,bottom,left
0.5225508440868325,0.5682545855686474,4.572271810491998,34.14814001306481,22,266,226,62
