Recall,PositiveRating,PerfRatio,Impact,top,right,bottom,left
0.5616957554185265,0.5693355517050459,4.977822801696491,36.759623275803314,22,266,226,62
