Recall,PositiveRating,PerfRatio,Impact,top,right,bottom,left
0.46723340669023794,0.4672829809341063,6.710672415456125,41.32143176457492,19,266,242,43
