Recall,PositiveRating,PerfRatio,Impact,top,right,bottom,left
0.4609010050142463,0.5506174210087521,4.282842266203692,32.228677802885635,22,246,226,42
