Recall,PositiveRating,PerfRatio,Impact,top,right,bottom,left
0.3957161449682709,0.4610770971840335,7.295599978529317,45.22281025828237,36,262,222,77
