Recall,PositiveRating,PerfRatio,Impact,top,right,bottom,left
0.4099212379345178,0.5765856235844393,3.498961813859689,26.361815059877753,22,266,226,62
