Recall,PositiveRating,PerfRatio,Impact,top,right,bottom,left
0.4267270433724093,0.45659598622226266,6.917451843828648,42.66230797862682,43,291,266,68
