Recall,PositiveRating,PerfRatio,Impact,top,right,bottom,left
0.4308135716989402,0.5542938067647675,7.481037813758045,45.83956960058084,19,266,242,43
