Recall,PositiveRating,PerfRatio,Impact,top,right,bottom,left
0.41924790567681375,0.5394349619445588,4.161389037983323,31.002753875730267,22,246,226,42
