Recall,PositiveRating,PerfRatio,Impact,top,right,bottom,left
0.6271983137349377,0.595365917280571,4.925361707012256,36.272133898610754,22,266,226,62
