Recall,PositiveRating,PerfRatio,Impact,top,right,bottom,left
0.6876755013557663,0.6616809783266046,5.168501534750729,38.05195624600282,22,266,226,62
