Recall,PositiveRating,PerfRatio,Impact,top,right,bottom,left
0.4297130853023201,0.41154923455775544,7.028958732891667,43.167079146539486,36,262,222,77
