Recall,PositiveRating,PerfRatio,Impact,top,right,bottom,left
0.3728123993026752,0.35679033471704424,6.51064919377132,39.629828323963835,19,266,242,43
