Recall,PositiveRating,PerfRatio,Impact,top,right,bottom,left
0.4132978113672594,0.44719229065651206,6.834551125095325,41.95094494783955,19,266,242,43
