Recall,PositiveRating,PerfRatio,Impact,top,right,bottom,left
0.671632702700792,0.6198882794942913,5.126919239546588,37.642875117803996,22,266,226,62
