Recall,PositiveRating,PerfRatio,Impact,top,right,bottom,left
0.45642606298403604,0.5483960824590822,4.250004252103532,31.4582864971534,1,246,205,42
