Recall,PositiveRating,PerfRatio,Impact,top,right,bottom,left
0.4086330409524873,0.3827604053700241,6.838740205512877,42.28586908006485,19,266,242,43
