Recall,PositiveRating,PerfRatio,Impact,top,right,bottom,left
0.4058199476925438,0.3260428024306,6.1090795143656385,37.30578835215263,36,262,222,77
