Recall,PositiveRating,PerfRatio,Impact,top,right,bottom,left
0.4784122790950586,0.5510151865531596,4.026981278902835,30.286640043106196,22,266,226,62
