Recall,PositiveRating,PerfRatio,Impact,top,right,bottom,left
0.4485608206792302,0.5236970038093475,7.177870428704035,44.26484953938114,19,266,242,43
