Recall,PositiveRating,PerfRatio,Impact,top,right,bottom,left
0.7022868211726392,0.6719126563618244,5.375554731647515,38.86476182436105,22,266,226,62
