Recall,PositiveRating,PerfRatio,Impact,top,right,bottom,left
0.43507161177178255,0.443666174840366,6.797649124566151,42.14745381005932,19,266,242,43
