Recall,PositiveRating,PerfRatio,Impact,top,right,bottom,left
0.4602219311201025,0.5922415224508812,3.79126537750462,28.174807288655416,22,266,226,62
