Recall,PositiveRating,PerfRatio,Impact,top,right,bottom,left
0.46731526316954963,0.4986548357261748,7.438612225674719,45.8579377237548,19,266,242,43
