Recall,PositiveRating,PerfRatio,Impact,top,right,bottom,left
0.4915762047358993,0.6217087105037501,4.08221587408081,29.806824987315853,22,266,226,62
