Recall,PositiveRating,PerfRatio,Impact,top,right,bottom,left
0.43568144665834596,0.4818781428720276,6.849534737285687,42.3335796574011,19,266,242,43
