Recall,PositiveRating,PerfRatio,Impact,top,right,bottom,left
0.41858023710145176,0.4064027801548498,6.72160111649524,41.24465335360658,19,266,242,43
