Recall,PositiveRating,PerfRatio,Impact,top,right,bottom,left
0.42627680245465516,0.45550658896408985,7.231788022881519,44.418546421308626,36,262,222,77
