Recall,PositiveRating,PerfRatio,Impact,top,right,bottom,left
0.6530182091423491,0.5788015003906978,5.14002401680033,38.303964993673716,22,266,226,62
