Recall,PositiveRating,PerfRatio,Impact,top,right,bottom,left
0.521164278299407,0.6052170910436774,4.197607856567257,31.178779789185324,1,266,205,62
