Recall,PositiveRating,PerfRatio,Impact,top,right,bottom,left
0.49010261380451786,0.5560585384092958,4.154265773756449,31.161862376710662,22,266,226,62
