Recall,PositiveRating,PerfRatio,Impact,top,right,bottom,left
0.3851682999951126,0.38786510157262716,6.704855597468587,41.15926656978525,19,266,242,43
