Recall,PositiveRating,PerfRatio,Impact,top,right,bottom,left
0.41469389882678764,0.4010606684318983,6.916893795586495,42.699673598762146,36,262,222,77
