Recall,PositiveRating,PerfRatio,Impact,top,right,bottom,left
0.5241597469935337,0.5680571849864937,4.395511604072416,32.808323233775766,22,266,226,62
