Recall,PositiveRating,PerfRatio,Impact,top,right,bottom,left
0.4987449025764434,0.5626987881917593,4.046934385826005,30.024176839649225,22,266,226,62
