Recall,PositiveRating,PerfRatio,Impact,top,right,bottom,left
0.4457905739848236,0.5690302840690217,7.538919055637473,46.4526797968663,36,262,222,77
