Recall,PositiveRating,PerfRatio,Impact,top,right,bottom,left
0.39594825913119036,0.3007569038421343,6.297062319525552,38.61883243966992,36,262,222,77
