Recall,PositiveRating,PerfRatio,Impact,top,right,bottom,left
0.7025122597739768,0.6663738119939114,4.737938381578288,35.45037957534325,22,266,226,62
