Recall,PositiveRating,PerfRatio,Impact,top,right,bottom,left
0.5660734580358142,0.5696422505136607,4.5228738448131445,32.99575926620853,1,266,205,62
