Recall,PositiveRating,PerfRatio,Impact,top,right,bottom,left
0.6722891940765832,0.6412350369338963,4.847053033270779,35.483641049653365,22,266,226,62
