Recall,PositiveRating,PerfRatio,Impact,top,right,bottom,left
0.7074685598347987,0.6649028012156293,5.363618206978439,39.86836515983433,11,283,255,38
