Recall,PositiveRating,PerfRatio,Impact,top,right,bottom,left
0.6763709261185655,0.6484777072391672,5.325220097760255,39.144946489472254,22,266,226,62
