Recall,PositiveRating,PerfRatio,Impact,top,right,bottom,left
0.7763967101369662,0.658389168624917,5.823513362490409,42.91282079453906,22,246,226,42
