Recall,PositiveRating,PerfRatio,Impact,top,right,bottom,left
0.4165163180234779,0.33842500561227246,5.861893146024366,35.79714222756044,36,262,222,77
