Recall,PositiveRating,PerfRatio,Impact,top,right,bottom,left
0.7901237271265416,0.6304252098400973,5.892306037603772,46.64921039960285,19,266,242,43
