Recall,PositiveRating,PerfRatio,Impact,top,right,bottom,left
0.4772518134086342,0.5129654850841946,7.2903069495755535,44.613807450112,57,262,242,77
