Recall,PositiveRating,PerfRatio,Impact,top,right,bottom,left
0.5818884811228111,0.6180239642046469,5.172174516040768,39.81972954666769,36,262,222,77
