Recall,PositiveRating,PerfRatio,Impact,top,right,bottom,left
0.4113122029823313,0.4400462673557954,6.808292503854348,41.81469427271217,36,262,222,77
