Recall,PositiveRating,PerfRatio,Impact,top,right,bottom,left
0.5617483207776534,0.49611984340802195,4.615278003949684,37.74349703904082,19,266,242,43
