Recall,PositiveRating,PerfRatio,Impact,top,right,bottom,left
0.6168148637626447,0.551428295492909,4.901713496148486,37.07719023819687,19,266,242,43
