Recall,PositiveRating,PerfRatio,Impact,top,right,bottom,left
0.5688412337841215,0.5386649266248215,4.488004649054654,34.6887391428236,36,262,222,77
