Recall,PositiveRating,PerfRatio,Impact,top,right,bottom,left
0.7016013332131341,0.6447240840621029,5.1444891767325736,37.16228498099581,22,246,226,42
