Recall,PositiveRating,PerfRatio,Impact,top,right,bottom,left
0.5241039744402971,0.5680545142834715,4.412978885875875,32.724590935961565,22,266,226,62
