Recall,PositiveRating,PerfRatio,Impact,top,right,bottom,left
0.41346749401224436,0.4362112967468688,6.693576727755929,41.16968253109226,36,262,222,77
