Recall,PositiveRating,PerfRatio,Impact,top,right,bottom,left
0.6651164099012183,0.5824245811330518,5.137428973504816,38.78672767601183,57,262,242,77
