Recall,PositiveRating,PerfRatio,Impact,top,right,bottom,left
0.46893721169419983,0.564989869615614,4.069723162474016,30.565638550915136,22,266,226,62
