Recall,PositiveRating,PerfRatio,Impact,top,right,bottom,left
0.42621124271048605,0.4678308058662916,7.09415443446587,43.65170047586672,36,262,222,77
