Recall,PositiveRating,PerfRatio,Impact,top,right,bottom,left
0.7473206359976803,0.630753583897802,5.438502368479472,46.72956019619739,36,262,222,77
