Recall,PositiveRating,PerfRatio,Impact,top,right,bottom,left
0.4392876226421858,0.37908855208529973,6.784772743661642,41.71706485355607,19,266,242,43
