Recall,PositiveRating,PerfRatio,Impact,top,right,bottom,left
0.5818639496669926,0.5917446470824836,5.100291686380707,38.087209266384036,0,283,231,38
