Recall,PositiveRating,PerfRatio,Impact,top,right,bottom,left
0.4064071775181384,0.47034924150795515,7.03108172981744,43.60572721515803,36,262,222,77
