Recall,PositiveRating,PerfRatio,Impact,top,right,bottom,left
0.4040577544827802,0.42344940096261807,4.597286653514355,42.17638115135068,57,262,242,77
