Recall,PositiveRating,PerfRatio,Impact,top,right,bottom,left
0.5241372335665213,0.5204040621784909,4.645557755414821,35.147270326000246,22,266,226,62
