Recall,PositiveRating,PerfRatio,Impact,top,right,bottom,left
0.3886475171912266,0.465596165069201,4.688472322457533,43.125522716346616,19,266,242,43
