Recall,PositiveRating,PerfRatio,Impact,top,right,bottom,left
0.4786113454573969,0.48495041192213245,7.42655519834796,45.70201741011118,19,266,242,43
