Recall,PositiveRating,PerfRatio,Impact,top,right,bottom,left
0.7466047383908917,0.6215357055550621,5.644868407791016,47.275060226906376,19,266,242,43
