Recall,PositiveRating,PerfRatio,Impact,top,right,bottom,left
0.8037760057858532,0.6377675806962699,5.807895790680789,45.93383825864393,36,262,222,77
