Recall,PositiveRating,PerfRatio,Impact,top,right,bottom,left
0.42610398805207284,0.4235145967141452,6.768376654782074,41.30315032140475,36,262,222,77
