Recall,PositiveRating,PerfRatio,Impact,top,right,bottom,left
0.4621681464634779,0.5434369512025662,7.574699967335377,46.914830851996584,36,262,222,77
