Recall,PositiveRating,PerfRatio,Impact,top,right,bottom,left
0.5892021084342793,0.5993626399756923,4.88236726397654,35.737482146123284,36,262,222,77
