Recall,PositiveRating,PerfRatio,Impact,top,right,bottom,left
0.8082146324061341,0.7083922694774556,5.757142663951559,42.274751680656344,22,266,226,62
