Recall,PositiveRating,PerfRatio,Impact,top,right,bottom,left
0.6503959691256631,0.6600707947845013,5.5217782355891805,42.03044597842804,36,262,222,77
