Recall,PositiveRating,PerfRatio,Impact,top,right,bottom,left
0.45369122927328703,0.5592012865654548,4.500169238337875,32.81919243946523,0,283,231,38
