Recall,PositiveRating,PerfRatio,Impact,top,right,bottom,left
0.5193114657419269,0.6154295340326509,3.9901547658595926,26.96862379900342,36,262,222,77
