Recall,PositiveRating,PerfRatio,Impact,top,right,bottom,left
0.4130358511993757,0.4140828908499033,7.1655258991807,43.909901235900776,19,291,242,68
