Recall,PositiveRating,PerfRatio,Impact,top,right,bottom,left
0.43109842852009506,0.4704446202492381,4.418682631886672,40.81503397414791,19,266,242,43
