Recall,PositiveRating,PerfRatio,Impact,top,right,bottom,left
0.46198911868558445,0.48877162925397216,7.190982152202503,44.443021602152925,36,262,222,77
