Recall,PositiveRating,PerfRatio,Impact,top,right,bottom,left
0.6144577049463711,0.6249984743252982,4.911770388228022,35.86416793116488,19,266,242,43
