Recall,PositiveRating,PerfRatio,Impact,top,right,bottom,left
0.6143277335475026,0.6481516104271863,5.209008606210917,38.580842758804295,22,266,226,62
