Recall,PositiveRating,PerfRatio,Impact,top,right,bottom,left
0.544510101568856,0.6091349189549816,4.707461485321482,34.72060290336934,36,262,222,77
