Recall,PositiveRating,PerfRatio,Impact,top,right,bottom,left
0.579556908685636,0.6223199638372152,4.963366073409263,36.8189173960755,36,262,222,77
