Recall,PositiveRating,PerfRatio,Impact,top,right,bottom,left
0.3417075386552841,0.45127989862066775,3.610161081130647,26.88777955217403,22,246,226,42
