Recall,PositiveRating,PerfRatio,Impact,top,right,bottom,left
0.6215838432460026,0.5983427732287075,4.994929594584816,37.528214865321786,36,262,222,77
