Recall,PositiveRating,PerfRatio,Impact,top,right,bottom,left
0.40248917870135953,0.5471294990928085,4.132826391269098,26.817569413180035,36,262,222,77
