Recall,PositiveRating,PerfRatio,Impact,top,right,bottom,left
0.4080767262302123,0.4518836575365171,7.1597052082806965,44.094188028843355,36,262,222,77
