Recall,PositiveRating,PerfRatio,Impact,top,right,bottom,left
0.37210578998565447,0.4059805942729303,4.259799780676127,39.45810003456132,36,262,222,77
