Recall,PositiveRating,PerfRatio,Impact,top,right,bottom,left
0.6438321993115215,0.6190197501399631,5.019285430327231,37.766070043128174,36,262,222,77
