Recall,PositiveRating,PerfRatio,Impact,top,right,bottom,left
0.4696833101055202,0.47335994282137556,6.781105100400654,41.34191251591428,36,262,222,77
