Recall,PositiveRating,PerfRatio,Impact,top,right,bottom,left
0.36127962085228826,0.3146008033777856,4.103891250872407,38.03475582780944,19,266,242,43
