Recall,PositiveRating,PerfRatio,Impact,top,right,bottom,left
0.5574132920913908,0.5519499523567416,4.921488917713953,36.75392500114508,22,266,226,62
