Recall,PositiveRating,PerfRatio,Impact,top,right,bottom,left
0.4954638692491245,0.5400020966354687,4.222267400751763,31.170747125734966,22,266,226,62
