Recall,PositiveRating,PerfRatio,Impact,top,right,bottom,left
0.8135081321273341,0.6245399425247138,5.129021672617832,37.63369189053187,22,246,226,42
