Recall,PositiveRating,PerfRatio,Impact,top,right,bottom,left
0.3834541339979193,0.38270455450738367,6.629570703340485,40.54017165790359,36,262,222,77
