Recall,PositiveRating,PerfRatio,Impact,top,right,bottom,left
0.5920876474474701,0.557061514685021,4.702015196403701,35.18136944948141,22,246,226,42
