Recall,PositiveRating,PerfRatio,Impact,top,right,bottom,left
0.4093103280493538,0.4702563001724156,3.8288708970008525,26.28840660624585,36,262,222,77
