Recall,PositiveRating,PerfRatio,Impact,top,right,bottom,left
0.4708778624275618,0.42567387972969356,6.505653146179165,39.893867957741826,19,266,242,43
