Recall,PositiveRating,PerfRatio,Impact,top,right,bottom,left
0.4365363584417025,0.566129889150515,4.325919005777625,31.831705367506665,22,266,226,62
