Recall,PositiveRating,PerfRatio,Impact,top,right,bottom,left
0.5036702153149526,0.5953188835596729,4.436523710183021,30.278117077647607,19,291,242,68
