Recall,PositiveRating,PerfRatio,Impact,top,right,bottom,left
0.42294986152927283,0.501347053535737,7.383920903258955,45.50023547219438,19,291,242,68
