Recall,PositiveRating,PerfRatio,Impact,top,right,bottom,left
0.5755382245765106,0.5815922173824367,4.62840360261847,34.642196476319384,22,266,226,62
