Recall,PositiveRating,PerfRatio,Impact,top,right,bottom,left
0.73806282582664,0.7398736199506664,3.271479741765983,37.50647350154227,36,262,222,77
