Recall,PositiveRating,PerfRatio,Impact,top,right,bottom,left
0.5950766489528794,0.5612041303640857,4.845676688615733,37.59753058180215,19,266,242,43
