Recall,PositiveRating,PerfRatio,Impact,top,right,bottom,left
0.38705369364761555,0.4115580053397519,6.944173008228834,42.734383171938795,36,262,222,77
