Recall,PositiveRating,PerfRatio,Impact,top,right,bottom,left
0.563393217432141,0.6052786922367317,4.3127458425225855,31.998933249566367,22,266,226,62
