Recall,PositiveRating,PerfRatio,Impact,top,right,bottom,left
0.5696036120856531,0.558479335095204,4.6908231596219885,36.51102208784134,19,266,242,43
