Recall,PositiveRating,PerfRatio,Impact,top,right,bottom,left
0.40010789734339136,0.4032239570548393,6.3119754867210025,38.821976165412245,36,262,222,77
