Recall,PositiveRating,PerfRatio,Impact,top,right,bottom,left
0.6715462286152107,0.6383528730003392,5.160017115178195,38.34979379792318,19,291,242,68
