Recall,PositiveRating,PerfRatio,Impact,top,right,bottom,left
0.44726912733762725,0.505312902208788,6.982217710793055,42.60392436417191,19,266,242,43
