Recall,PositiveRating,PerfRatio,Impact,top,right,bottom,left
0.3706723586015224,0.48384509342126547,4.606971462222222,42.16787690210172,36,262,222,77
