Recall,PositiveRating,PerfRatio,Impact,top,right,bottom,left
0.3960497624002062,0.3825199094087223,6.471745216171379,39.71146913974604,36,262,222,77
