Recall,PositiveRating,PerfRatio,Impact,top,right,bottom,left
0.4349123398638162,0.5393763957704899,4.220123971075997,29.002068085326297,36,262,222,77
