Recall,PositiveRating,PerfRatio,Impact,top,right,bottom,left
0.3794440153292098,0.403285315569373,7.101721245454105,43.63305891781471,36,262,222,77
