Recall,PositiveRating,PerfRatio,Impact,top,right,bottom,left
0.5932017756056888,0.5818145031889389,4.8214643864337186,37.35069887103326,19,291,242,68
