Recall,PositiveRating,PerfRatio,Impact,top,right,bottom,left
0.36995718023295776,0.4239914124270037,6.9463617953244725,42.89863193488605,19,266,242,43
