Recall,PositiveRating,PerfRatio,Impact,top,right,bottom,left
0.44882786942042097,0.4605594750772353,6.860756447131511,41.55744301907275,19,291,242,68
