Recall,PositiveRating,PerfRatio,Impact,top,right,bottom,left
0.6886055208579285,0.6443000483295847,5.454947037079389,42.18178082885384,19,266,242,43
