Recall,PositiveRating,PerfRatio,Impact,top,right,bottom,left
0.5939150152239273,0.6016126695122584,5.11727311595288,41.464557427918,19,266,242,43
