Recall,PositiveRating,PerfRatio,Impact,top,right,bottom,left
0.43861550631564233,0.45945573951844987,4.238040304976419,30.222329450198266,19,266,242,43
