Recall,PositiveRating,PerfRatio,Impact,top,right,bottom,left
0.504276240440706,0.5681476168105766,4.161136408892115,31.106058882518873,22,266,226,62
