Recall,PositiveRating,PerfRatio,Impact,top,right,bottom,left
0.4993269795107687,0.5047105293279245,4.4442334594069175,31.098927251094647,19,266,242,43
