Recall,PositiveRating,PerfRatio,Impact,top,right,bottom,left
0.617522171308671,0.42099129534125,4.570883557799465,38.65535011532805,36,262,222,77
