Recall,PositiveRating,PerfRatio,Impact,top,right,bottom,left
0.6981759466272996,0.6196541419684319,5.612065940846823,41.339729399949206,22,266,226,62
