Recall,PositiveRating,PerfRatio,Impact,top,right,bottom,left
0.7219007010424876,0.6179318896366489,5.8301844341387445,46.516887192009676,19,266,242,43
