Recall,PositiveRating,PerfRatio,Impact,top,right,bottom,left
0.6063544927962798,0.647665746130806,5.413895774545619,41.03924716737757,36,262,222,77
