Recall,PositiveRating,PerfRatio,Impact,top,right,bottom,left
0.5585441854611051,0.5443424248430178,4.631395037723243,34.799278469280836,22,266,226,62
