Recall,PositiveRating,PerfRatio,Impact,top,right,bottom,left
0.5579818546868318,0.6050875179707871,4.550548331870301,34.101410328781064,22,246,226,42
