Recall,PositiveRating,PerfRatio,Impact,top,right,bottom,left
0.8477824251184813,0.6297149837684533,5.970049930190613,44.23657377492867,22,266,226,62
