Recall,PositiveRating,PerfRatio,Impact,top,right,bottom,left
0.6014302100280677,0.5989909733930281,4.863656343879196,36.020520113276696,22,246,226,42
