Recall,PositiveRating,PerfRatio,Impact,top,right,bottom,left
0.5539062737040015,0.5678062957039469,4.6286097244044635,35.251182720836866,36,262,222,77
