Recall,PositiveRating,PerfRatio,Impact,top,right,bottom,left
0.6160036325702027,0.6315411024787315,4.947070422303815,37.54116983291235,36,262,222,77
