Recall,PositiveRating,PerfRatio,Impact,top,right,bottom,left
0.5074292131004893,0.47934879789643486,7.368925174921312,45.445598981645304,36,262,222,77
