Recall,PositiveRating,PerfRatio,Impact,top,right,bottom,left
0.5533491603631415,0.5646159855622943,4.411680435511228,32.53787675278797,1,266,205,62
