Recall,PositiveRating,PerfRatio,Impact,top,right,bottom,left
0.521584965409325,0.5678988746520924,4.457101580422271,31.314809742908146,36,262,222,77
