Recall,PositiveRating,PerfRatio,Impact,top,right,bottom,left
0.5049943066858131,0.5588325888752635,3.851136650664489,28.85990776040756,22,266,226,62
