Recall,PositiveRating,PerfRatio,Impact,top,right,bottom,left
0.41033250265626864,0.47135689675927134,4.28063187500019,40.1297057397815,19,266,242,43
