Recall,PositiveRating,PerfRatio,Impact,top,right,bottom,left
0.500600872601644,0.548614305246457,4.528098827950248,31.226298253706982,36,262,222,77
