Recall,PositiveRating,PerfRatio,Impact,top,right,bottom,left
0.6185630651806278,0.5803508541148384,5.1977860678464385,39.212062528261136,19,291,242,68
