Recall,PositiveRating,PerfRatio,Impact,top,right,bottom,left
0.5017406550939338,0.5633259906995649,4.271679643509091,31.475669197651122,22,266,226,62
