Recall,PositiveRating,PerfRatio,Impact,top,right,bottom,left
0.5624784261467376,0.6014664487243456,4.725378799722821,35.664021068039666,36,262,222,77
