Recall,PositiveRating,PerfRatio,Impact,top,right,bottom,left
0.43340547841201016,0.47407696539557637,6.674113567045205,40.66820432623003,19,266,242,43
