Recall,PositiveRating,PerfRatio,Impact,top,right,bottom,left
0.4015357177154085,0.40522866518672035,6.897140016556067,42.68791173745376,19,266,242,43
