Recall,PositiveRating,PerfRatio,Impact,top,right,bottom,left
0.4986988221498091,0.49501498366099955,7.044658831414319,43.16303551848625,36,262,222,77
