Recall,PositiveRating,PerfRatio,Impact,top,right,bottom,left
0.4106660161047549,0.43558973152826796,4.654651862793904,43.206336133137945,19,266,242,43
