Recall,PositiveRating,PerfRatio,Impact,top,right,bottom,left
0.6997310599412614,0.6333976155073474,5.3737687550580695,42.44178532663688,19,266,242,43
