Recall,PositiveRating,PerfRatio,Impact,top,right,bottom,left
0.6663957680980501,0.5960476442264142,5.621113849698648,41.4453654277884,22,266,226,62
