Recall,PositiveRating,PerfRatio,Impact,top,right,bottom,left
0.6735518587571474,0.6602755713034157,5.380687252569463,41.18470885331718,36,262,222,77
