Recall,PositiveRating,PerfRatio,Impact,top,right,bottom,left
0.6408985502112157,0.606477446099157,5.183430433481532,42.53775503300435,36,262,222,77
