Recall,PositiveRating,PerfRatio,Impact,top,right,bottom,left
0.5147555930124617,0.5645434650660865,3.928206737377911,29.032251196443976,11,283,255,38
