Recall,PositiveRating,PerfRatio,Impact,top,right,bottom,left
0.4139843716455698,0.4768665143232637,7.239024770921786,44.84409417715566,19,266,242,43
