Recall,PositiveRating,PerfRatio,Impact,top,right,bottom,left
0.4325502075077104,0.4885451557931232,3.9062720932734876,25.05813130421006,36,262,222,77
