Recall,PositiveRating,PerfRatio,Impact,top,right,bottom,left
0.5030839342159781,0.6039362789668291,4.23529845392908,28.18095634085507,19,266,242,43
