Recall,PositiveRating,PerfRatio,Impact,top,right,bottom,left
0.7130535609483855,0.6869860367542923,5.499356082443386,42.41916547513462,36,262,222,77
