Recall,PositiveRating,PerfRatio,Impact,top,right,bottom,left
0.6125031466656308,0.6368282288150674,5.04172107189361,38.41254080489995,36,262,222,77
