Recall,PositiveRating,PerfRatio,Impact,top,right,bottom,left
0.5743273657655565,0.5552360417595594,4.763464448524422,35.20523499747843,22,266,226,62
