Recall,PositiveRating,PerfRatio,Impact,top,right,bottom,left
0.45530288519184003,0.5442712086020411,3.948654019667818,25.807396264377164,19,266,242,43
