Recall,PositiveRating,PerfRatio,Impact,top,right,bottom,left
0.6789154905369219,0.5993932094562759,5.505064465981996,40.61704243076398,22,266,226,62
