Recall,PositiveRating,PerfRatio,Impact,top,right,bottom,left
0.6459156568785104,0.5891194976757361,5.159749354096912,40.922057413525906,36,262,222,77
