Recall,PositiveRating,PerfRatio,Impact,top,right,bottom,left
0.4496123004549559,0.4718867076582008,6.76379294442752,41.64274618302533,36,262,222,77
