Recall,PositiveRating,PerfRatio,Impact,top,right,bottom,left
0.40580431570733877,0.4417187946422166,6.594114173740141,40.343275218242916,19,266,242,43
