Recall,PositiveRating,PerfRatio,Impact,top,right,bottom,left
0.4361574521814888,0.5004214120481026,7.28610309675784,45.05462455264942,36,262,222,77
