Recall,PositiveRating,PerfRatio,Impact,top,right,bottom,left
0.5664124320369379,0.6553622671738152,3.8713559846096723,28.416426279684863,22,266,226,62
