Recall,PositiveRating,PerfRatio,Impact,top,right,bottom,left
0.5652474326086201,0.5087021829719989,4.91513568671318,36.26889501997541,22,266,226,62
