Recall,PositiveRating,PerfRatio,Impact,top,right,bottom,left
0.43176906704386836,0.5182371404729261,3.5484382204407185,23.825439653588667,36,262,222,77
