Recall,PositiveRating,PerfRatio,Impact,top,right,bottom,left
0.41904906244042395,0.47995247591720563,7.000112289550781,43.18044473968392,36,262,222,77
