Recall,PositiveRating,PerfRatio,Impact,top,right,bottom,left
0.37451338844483406,0.4494454039671166,6.863869026001185,41.98018545790323,36,262,222,77
