Recall,PositiveRating,PerfRatio,Impact,top,right,bottom,left
0.41599703831280177,0.41461359379031,6.519218471051851,40.0776133248265,36,262,222,77
