Recall,PositiveRating,PerfRatio,Impact,top,right,bottom,left
0.44231906432295354,0.4762617709774762,6.959398789993354,42.695661318716134,19,291,242,68
