Recall,PositiveRating,PerfRatio,Impact,top,right,bottom,left
0.569643388000795,0.5766385893330805,4.766906166707736,35.99588568649172,22,266,226,62
