Recall,PositiveRating,PerfRatio,Impact,top,right,bottom,left
0.6432950506802797,0.5889768327666057,4.817310023947336,35.290911288327756,22,266,226,62
