Recall,PositiveRating,PerfRatio,Impact,top,right,bottom,left
0.5754223865075991,0.592714864174904,5.06827089557723,38.96346174694232,36,262,222,77
