Recall,PositiveRating,PerfRatio,Impact,top,right,bottom,left
0.5724875478858598,0.5433567688839294,4.915026197720395,36.19554869097692,22,266,226,62
