Recall,PositiveRating,PerfRatio,Impact,top,right,bottom,left
0.40570052614399077,0.43265049148182505,6.7798720631958,41.922940115914116,36,262,222,77
