Recall,PositiveRating,PerfRatio,Impact,top,right,bottom,left
0.7312770798892404,0.5401384303055624,4.955783535510737,42.06018291182337,36,262,222,77
