Recall,PositiveRating,PerfRatio,Impact,top,right,bottom,left
0.4055383445748183,0.45494540075640677,4.427933838060392,41.127674565967176,36,262,222,77
