Recall,PositiveRating,PerfRatio,Impact,top,right,bottom,left
0.4102141113802358,0.42706150215274,6.91967734009922,42.298894603779594,19,266,242,43
