Recall,PositiveRating,PerfRatio,Impact,top,right,bottom,left
0.6442291799541884,0.6282819592613106,5.261496753302954,42.047088626621786,19,266,242,43
