Recall,PositiveRating,PerfRatio,Impact,top,right,bottom,left
0.6557451772276031,0.6140816383578543,5.48893082645838,42.823541789808694,19,291,242,68
