Recall,PositiveRating,PerfRatio,Impact,top,right,bottom,left
0.6228481818438012,0.5894575140969633,4.892620179566185,38.36550047887578,36,262,222,77
