Recall,PositiveRating,PerfRatio,Impact,top,right,bottom,left
0.49790126327572465,0.5207097045749853,4.409430225383392,32.95506034673668,22,266,226,62
