Recall,PositiveRating,PerfRatio,Impact,top,right,bottom,left
0.5647160003728653,0.5189820186711429,4.618781811456734,34.57963254914387,22,266,226,62
