Recall,PositiveRating,PerfRatio,Impact,top,right,bottom,left
0.557439959086441,0.5452250498235471,4.599969500111354,32.12737074358256,36,262,222,77
