Recall,PositiveRating,PerfRatio,Impact,top,right,bottom,left
0.40556377867377325,0.4319595564020376,6.934770486093364,42.96013548411898,43,291,266,68
