Recall,PositiveRating,PerfRatio,Impact,top,right,bottom,left
0.5797498282384774,0.5537427596017357,4.50071132325618,32.85837486750723,36,262,222,77
