Recall,PositiveRating,PerfRatio,Impact,top,right,bottom,left
0.3790473943384707,0.43353990257933733,7.173196192609078,43.97996414549479,36,262,222,77
