Recall,PositiveRating,PerfRatio,Impact,top,right,bottom,left
0.6372718854217374,0.6066044806197055,4.9514338560026925,36.407140677246915,22,266,226,62
