Recall,PositiveRating,PerfRatio,Impact,top,right,bottom,left
0.558934491145593,0.6061365350459594,5.147690090603984,41.77405096457853,36,262,222,77
