Recall,PositiveRating,PerfRatio,Impact,top,right,bottom,left
0.6962308656632166,0.5885382290640279,5.50294381749157,43.22728977734333,19,266,242,43
