Recall,PositiveRating,PerfRatio,Impact,top,right,bottom,left
0.6733801868526597,0.5741642868383774,5.362590813423813,41.15528355016556,36,262,222,77
