Recall,PositiveRating,PerfRatio,Impact,top,right,bottom,left
0.37153313569667307,0.47812572917395435,3.7826345609417387,28.44271004228225,22,266,226,62
