Recall,PositiveRating,PerfRatio,Impact,top,right,bottom,left
0.4156491343526084,0.45787964241984597,7.264109478239347,44.76177623572925,36,262,222,77
