Recall,PositiveRating,PerfRatio,Impact,top,right,bottom,left
0.4036771166924908,0.4707811676729903,4.578074059484964,42.769731753047566,36,262,222,77
