Recall,PositiveRating,PerfRatio,Impact,top,right,bottom,left
0.5247475215275077,0.6195445861308195,4.676528468555968,33.37777013137805,43,291,266,68
