Recall,PositiveRating,PerfRatio,Impact,top,right,bottom,left
0.7898222348165076,0.6597086343978906,5.727635558663438,42.448659855187415,22,266,226,62
