Recall,PositiveRating,PerfRatio,Impact,top,right,bottom,left
0.6653416166522146,0.5587507509492023,4.999070726396566,38.79777364297916,36,262,222,77
