Recall,PositiveRating,PerfRatio,Impact,top,right,bottom,left
0.3985789613800274,0.3836408670031516,4.165590679594455,38.41825648013608,36,262,222,77
