Recall,PositiveRating,PerfRatio,Impact,top,right,bottom,left
0.6039950756465887,0.5834156937183376,5.007341820616478,40.06056018938958,36,262,222,77
