Recall,PositiveRating,PerfRatio,Impact,top,right,bottom,left
0.39953952453632946,0.4070996747242542,6.594335452254784,40.38817900499715,36,262,222,77
