Recall,PositiveRating,PerfRatio,Impact,top,right,bottom,left
0.35437800125973606,0.3563277800607384,4.5309178798836705,41.81747518305591,19,266,242,43
