Recall,PositiveRating,PerfRatio,Impact,top,right,bottom,left
0.4223475922233322,0.39922821482904836,6.492250768629116,40.2159456369451,36,262,222,77
