Recall,PositiveRating,PerfRatio,Impact,top,right,bottom,left
0.5008248974240181,0.5605250432492601,4.400862115112936,33.04351931017747,22,266,226,62
