Recall,PositiveRating,PerfRatio,Impact,top,right,bottom,left
0.45610564948211463,0.4182894094119815,6.484267326532878,39.68490357144955,36,262,222,77
