Recall,PositiveRating,PerfRatio,Impact,top,right,bottom,left
0.7582416285740095,0.6430615564784984,5.551022569097732,40.63697053081672,22,266,226,62
