Recall,PositiveRating,PerfRatio,Impact,top,right,bottom,left
0.3806750259569923,0.489577827186084,4.983620733543386,45.47859092901107,19,266,242,43
