Recall,PositiveRating,PerfRatio,Impact,top,right,bottom,left
0.3686182061373364,0.3645139084308999,4.440576421990962,41.05010071107579,36,262,222,77
