Recall,PositiveRating,PerfRatio,Impact,top,right,bottom,left
0.7039094339368531,0.7087133616232615,5.7375098826135655,48.94942534740357,36,262,222,77
