Recall,PositiveRating,PerfRatio,Impact,top,right,bottom,left
0.43690513780131224,0.49186900186018795,7.156880689869734,44.08407085344857,36,262,222,77
