Recall,PositiveRating,PerfRatio,Impact,top,right,bottom,left
0.49669572323858374,0.5177829157766455,4.391881982028504,33.00701303222539,22,266,226,62
