Recall,PositiveRating,PerfRatio,Impact,top,right,bottom,left
0.76480742116866,0.6429347682696986,5.953779460493692,46.370065026799566,19,266,242,43
