Recall,PositiveRating,PerfRatio,Impact,top,right,bottom,left
0.46626786951360577,0.5251040368052372,7.708827721315231,47.60355111133578,19,266,242,43
