Recall,PositiveRating,PerfRatio,Impact,top,right,bottom,left
0.6747786814410441,0.6410787487139817,5.426403457824036,40.103287434582725,22,266,226,62
