Recall,PositiveRating,PerfRatio,Impact,top,right,bottom,left
0.39922244921515704,0.4370674132476163,7.096678681744286,43.51488773112338,19,266,242,43
