Recall,PositiveRating,PerfRatio,Impact,top,right,bottom,left
0.42517054914441976,0.584905044198254,8.052758049691548,49.763937926467584,36,262,222,77
