Recall,PositiveRating,PerfRatio,Impact,top,right,bottom,left
0.487369791238522,0.5085880313932801,6.989472720494416,42.42084633142309,36,262,222,77
