Recall,PositiveRating,PerfRatio,Impact,top,right,bottom,left
0.5656591564674778,0.5498831025899884,4.458910488217671,33.01919778478553,22,266,226,62
