Recall,PositiveRating,PerfRatio,Impact,top,right,bottom,left
0.4079295906146817,0.40561636925740524,6.5962513670659675,40.557141638716544,19,266,242,43
