Recall,PositiveRating,PerfRatio,Impact,top,right,bottom,left
0.8012168107411004,0.6535007051130686,5.921595925987657,46.13546114001157,19,266,242,43
