Recall,PositiveRating,PerfRatio,Impact,top,right,bottom,left
0.7732437042280056,0.6573839757827894,6.001373031786512,48.01417333611802,36,262,222,77
