Recall,PositiveRating,PerfRatio,Impact,top,right,bottom,left
0.6911021899054421,0.6750582995737819,5.39361468405851,39.96791537941308,22,266,226,62
