Recall,PositiveRating,PerfRatio,Impact,top,right,bottom,left
0.741826961260686,0.6331798553658554,5.197516303293457,37.80272815563464,22,246,226,42
