Recall,PositiveRating,PerfRatio,Impact,top,right,bottom,left
0.7207275594422038,0.6757889339431113,5.4966486849164236,40.120860582635856,22,266,226,62
