Recall,PositiveRating,PerfRatio,Impact,top,right,bottom,left
0.568606674945245,0.647152712769012,4.887633779896903,35.772788729841686,36,262,222,77
