Recall,PositiveRating,PerfRatio,Impact,top,right,bottom,left
0.867032788965884,0.7387435778863001,6.25819359580251,50.09367208568683,19,266,242,43
