Recall,PositiveRating,PerfRatio,Impact,top,right,bottom,left
0.5415390875617949,0.6201347804837478,4.5835654041727825,32.87025963273986,36,262,222,77
