Recall,PositiveRating,PerfRatio,Impact,top,right,bottom,left
0.510962881639125,0.585833232902144,4.481618174560283,31.09018510773377,36,262,222,77
