Recall,PositiveRating,PerfRatio,Impact,top,right,bottom,left
0.4695963251625759,0.5373892819350795,4.365633571810989,29.749050323245584,36,262,222,77
