Recall,PositiveRating,PerfRatio,Impact,top,right,bottom,left
0.6371889513376383,0.65772827589683,5.198954486434647,37.51298005598886,36,262,222,77
