Recall,PositiveRating,PerfRatio,Impact,top,right,bottom,left
0.39211431102731503,0.3717630013589984,4.108591412082917,38.31680490679055,36,262,222,77
