Recall,PositiveRating,PerfRatio,Impact,top,right,bottom,left
0.3406223568150874,0.4344377389851392,4.245545048165181,39.55157267635003,36,262,222,77
