Recall,PositiveRating,PerfRatio,Impact,top,right,bottom,left
0.6249328972644501,0.5904700952092862,5.146063242324049,38.01848133229085,19,266,242,43
