Recall,PositiveRating,PerfRatio,Impact,top,right,bottom,left
0.5734755873513597,0.5636381244313602,4.84361068037817,37.1686300770932,19,291,242,68
