Recall,PositiveRating,PerfRatio,Impact,top,right,bottom,left
0.5066220771960859,0.6401841666753038,4.272102140946457,29.807666390596076,36,262,222,77
