Recall,PositiveRating,PerfRatio,Impact,top,right,bottom,left
0.4813740165537643,0.5579457879265322,3.8457289290050864,28.502991362940755,22,246,226,42
