Recall,PositiveRating,PerfRatio,Impact,top,right,bottom,left
0.44043244894620426,0.41392116675656193,6.635449375559733,40.33757798730892,36,262,222,77
