Recall,PositiveRating,PerfRatio,Impact,top,right,bottom,left
0.4679616369398166,0.5365393245231184,7.587994969084331,47.04788193196214,19,266,242,43
