Recall,PositiveRating,PerfRatio,Impact,top,right,bottom,left
0.5249753775368136,0.5544739723918355,4.777604636775161,35.0534170836742,22,266,226,62
