Recall,PositiveRating,PerfRatio,Impact,top,right,bottom,left
0.3982355824012544,0.45600904365512407,4.278448700316611,39.62640558204311,36,262,222,77
