Recall,PositiveRating,PerfRatio,Impact,top,right,bottom,left
0.531746701091328,0.540590607337298,4.850301489750571,37.04651436252326,19,266,242,43
