Recall,PositiveRating,PerfRatio,Impact,top,right,bottom,left
0.805374721931994,0.7138385276554462,5.4923583029666245,40.49682238760263,22,246,226,42
