Recall,PositiveRating,PerfRatio,Impact,top,right,bottom,left
0.5422240143867396,0.5705934687057762,4.870586407530426,37.10058271418963,36,262,222,77
