Recall,PositiveRating,PerfRatio,Impact,top,right,bottom,left
0.39292795904322886,0.46167991193739116,6.932835847268803,42.641105491831766,19,291,242,68
