Recall,PositiveRating,PerfRatio,Impact,top,right,bottom,left
0.4379067251550236,0.4804671363411522,6.8017233456918404,41.625187070771304,36,262,222,77
