Recall,PositiveRating,PerfRatio,Impact,top,right,bottom,left
0.4819880182314312,0.4946949470053433,7.001540260172649,42.953016539651614,36,262,222,77
