Recall,PositiveRating,PerfRatio,Impact,top,right,bottom,left
0.5919988352425304,0.6203982745093445,5.309388632770415,41.66408952799973,19,291,242,68
