Recall,PositiveRating,PerfRatio,Impact,top,right,bottom,left
0.4045783308926052,0.42070565502540186,6.788464078238726,41.65101933563423,19,291,242,68
