Recall,PositiveRating,PerfRatio,Impact,top,right,bottom,left
0.6875554529251708,0.6317776584744381,5.100111136313901,37.736866740823714,22,266,226,62
