Recall,PositiveRating,PerfRatio,Impact,top,right,bottom,left
0.7198147685005445,0.6529639345181312,5.4870969985652,40.31523700602008,22,246,226,42
