Recall,PositiveRating,PerfRatio,Impact,top,right,bottom,left
0.45093485424892177,0.41505825778335664,6.714702884959156,41.134181482969815,36,262,222,77
