Recall,PositiveRating,PerfRatio,Impact,top,right,bottom,left
0.42158523012063376,0.498411221945257,4.859062834725316,44.915166716734014,19,266,242,43
