Recall,PositiveRating,PerfRatio,Impact,top,right,bottom,left
0.6813662306013666,0.5681403506183316,5.339510303373264,39.925887426544584,36,262,222,77
