Recall,PositiveRating,PerfRatio,Impact,top,right,bottom,left
0.5732793110664995,0.6009798162904476,4.656789923049082,34.34175072376611,22,266,226,62
