Recall,PositiveRating,PerfRatio,Impact,top,right,bottom,left
0.7803001442862889,0.6326507395809775,5.142363177112305,37.542756599195926,22,246,226,42
