Recall,PositiveRating,PerfRatio,Impact,top,right,bottom,left
0.37469863776556056,0.39837654593176824,4.289901673600818,39.31585458108901,36,262,222,77
