Recall,PositiveRating,PerfRatio,Impact,top,right,bottom,left
0.5507877865346251,0.5865869153961594,4.528686958619232,33.63553890435801,22,246,226,42
