Recall,PositiveRating,PerfRatio,Impact,top,right,bottom,left
0.44056454205566287,0.4074438164466671,7.187626135034086,44.095092900238875,19,266,242,43
