Recall,PositiveRating,PerfRatio,Impact,top,right,bottom,left
0.5454474099419917,0.5801350242212661,4.496799069497644,33.238862098373616,22,266,226,62
