Recall,PositiveRating,PerfRatio,Impact,top,right,bottom,left
0.6524148824812409,0.5306030520318676,4.931231362818977,39.476653779501355,36,262,222,77
