Recall,PositiveRating,PerfRatio,Impact,top,right,bottom,left
0.5666207090991267,0.5970672144992708,4.962631449864224,38.851150849014296,36,262,222,77
