Recall,PositiveRating,PerfRatio,Impact,top,right,bottom,left
0.4795574568902944,0.4577392151317126,6.6596831910076615,40.89711564354083,36,262,222,77
