Recall,PositiveRating,PerfRatio,Impact,top,right,bottom,left
0.6146345838118914,0.6384644293873498,5.390570720955659,40.9701323178975,19,291,242,68
