Recall,PositiveRating,PerfRatio,Impact,top,right,bottom,left
0.45261913344749766,0.5920830957055085,4.0836714843213056,27.3821180740759,19,266,242,43
