Recall,PositiveRating,PerfRatio,Impact,top,right,bottom,left
0.6156921036314447,0.5964061548313685,4.927668912025323,38.0541039566009,36,262,222,77
