Recall,PositiveRating,PerfRatio,Impact,top,right,bottom,left
0.6741829456512338,0.6168079838840013,5.243093177556716,39.16118842232822,36,262,222,77
