Recall,PositiveRating,PerfRatio,Impact,top,right,bottom,left
0.4310498981200671,0.41563520606650856,6.694913695190584,40.858721611784205,36,262,222,77
