Recall,PositiveRating,PerfRatio,Impact,top,right,bottom,left
0.36496997613622545,0.3804325094008282,4.217345287180408,39.01182456054479,36,262,222,77
