Recall,PositiveRating,PerfRatio,Impact,top,right,bottom,left
0.44798132949704084,0.45339843787937123,6.766250340858952,41.32745528980387,36,262,222,77
