Recall,PositiveRating,PerfRatio,Impact,top,right,bottom,left
0.7528919085829374,0.682285588325854,5.846125674894044,50.485826419459585,36,262,222,77
