Recall,PositiveRating,PerfRatio,Impact,top,right,bottom,left
0.5047867341174468,0.5936660194667172,4.7022085028057194,35.65672805053691,19,266,242,43
