Recall,PositiveRating,PerfRatio,Impact,top,right,bottom,left
0.4814937586336933,0.5762168546549111,4.267397474835459,32.0153481349579,22,266,226,62
