Recall,PositiveRating,PerfRatio,Impact,top,right,bottom,left
0.7868840277648135,0.6334836755648973,5.924438105113195,43.74543690536889,22,266,226,62
