Recall,PositiveRating,PerfRatio,Impact,top,right,bottom,left
0.8264631533011715,0.7954221950566395,3.6515782060550435,41.41666865415101,36,262,222,77
