Recall,PositiveRating,PerfRatio,Impact,top,right,bottom,left
0.6311982928208053,0.5988056396964886,5.2955921765777285,40.607966406117306,19,266,242,43
