Recall,PositiveRating,PerfRatio,Impact,top,right,bottom,left
0.5206693688152116,0.6711353697879558,4.697363430511581,31.94016400470381,19,266,242,43
