Recall,PositiveRating,PerfRatio,Impact,top,right,bottom,left
0.6542687204976219,0.6590179153970838,5.33390523281479,39.34583636241574,19,266,242,43
