Recall,PositiveRating,PerfRatio,Impact,top,right,bottom,left
0.6229250581470687,0.6172092718930868,5.3006503386573165,40.32910398468964,19,266,242,43
