Recall,PositiveRating,PerfRatio,Impact,top,right,bottom,left
0.6091613659978182,0.5787893522552718,4.933356878856196,38.23669594154718,19,266,242,43
