Recall,PositiveRating,PerfRatio,Impact,top,right,bottom,left
0.6117187712937813,0.6021151938538865,4.645097020293415,34.193287105938225,36,262,222,77
