Recall,PositiveRating,PerfRatio,Impact,top,right,bottom,left
0.5388314210930485,0.5545903367643139,4.621177972086949,34.06881429511887,22,246,226,42
