Recall,PositiveRating,PerfRatio,Impact,top,right,bottom,left
0.3794719110814644,0.4438942779392161,4.4152971749036265,41.052089659947484,19,266,242,43
