Recall,PositiveRating,PerfRatio,Impact,top,right,bottom,left
0.5116362414523641,0.5779310759669853,4.228941784268876,31.19546265035065,1,246,205,42
