Recall,PositiveRating,PerfRatio,Impact,top,right,bottom,left
0.42547697022666675,0.3712478330269177,6.030167829001919,36.801205049427146,36,262,222,77
