Recall,PositiveRating,PerfRatio,Impact,top,right,bottom,left
0.9021832318070002,0.7220739114009611,6.603955619871106,52.45529192884923,36,262,222,77
