Recall,PositiveRating,PerfRatio,Impact,top,right,bottom,left
0.636779217088659,0.6632492812090397,5.310874946286814,40.771399890036434,36,262,222,77
