Recall,PositiveRating,PerfRatio,Impact,top,right,bottom,left
0.5475415637156569,0.6332981869808102,4.979879070657195,37.07932926859228,19,266,242,43
