Recall,PositiveRating,PerfRatio,Impact,top,right,bottom,left
0.6924117279715514,0.6388808831048711,5.057505216250663,36.892235281295655,22,246,226,42
