Recall,PositiveRating,PerfRatio,Impact,top,right,bottom,left
0.588823239250087,0.5919801918502114,4.382990575846605,32.30118262644232,1,246,205,42
