Recall,PositiveRating,PerfRatio,Impact,top,right,bottom,left
0.7824888829069243,0.6910243534480742,5.5389650018541605,40.620342862729345,22,266,226,62
