Recall,PositiveRating,PerfRatio,Impact,top,right,bottom,left
0.41509007963818256,0.4755177058816431,4.636940818996854,42.82399265319366,19,266,242,43
