Recall,PositiveRating,PerfRatio,Impact,top,right,bottom,left
0.4810808359652977,0.5442061734160467,7.560237944196122,46.47962208049673,19,266,242,43
