Recall,PositiveRating,PerfRatio,Impact,top,right,bottom,left
0.384934348772471,0.467151754378545,6.615095461145438,40.63974741173099,36,262,222,77
