Recall,PositiveRating,PerfRatio,Impact,top,right,bottom,left
0.5051367974892804,0.5293609391817322,4.547673270151292,33.53137140415087,22,266,226,62
