Recall,PositiveRating,PerfRatio,Impact,top,right,bottom,left
0.4288939421231521,0.5254169792771292,7.276922354554004,44.96562211946839,19,266,242,43
