Recall,PositiveRating,PerfRatio,Impact,top,right,bottom,left
0.5767172780707766,0.5850586745380203,5.089075303645163,39.895823638952514,36,262,222,77
