Recall,PositiveRating,PerfRatio,Impact,top,right,bottom,left
0.4534334091274549,0.4138521479560568,6.760722153498048,41.7865549086645,19,266,242,43
