Recall,PositiveRating,PerfRatio,Impact,top,right,bottom,left
0.4579556652958082,0.5051209271224734,7.21484114790253,44.2985510584378,36,262,222,77
