Recall,PositiveRating,PerfRatio,Impact,top,right,bottom,left
0.556116155601275,0.5945616324535132,4.63541399745873,32.187552690981164,19,266,242,43
