Recall,PositiveRating,PerfRatio,Impact,top,right,bottom,left
0.6303340821468182,0.5718665923625381,4.817550818437079,35.96636171726448,22,266,226,62
