Recall,PositiveRating,PerfRatio,Impact,top,right,bottom,left
0.7491121639622127,0.6043800552966007,5.385371998443872,43.7340175537658,36,262,222,77
