Recall,PositiveRating,PerfRatio,Impact,top,right,bottom,left
0.39551257935479345,0.44481911597693574,7.11728434017318,43.649872286172,19,266,242,43
