Recall,PositiveRating,PerfRatio,Impact,top,right,bottom,left
0.6733626659178511,0.6238179272400426,4.954195211567671,36.67760103467684,22,266,226,62
