Recall,PositiveRating,PerfRatio,Impact,top,right,bottom,left
0.38853979071838685,0.4283385978281447,6.9786368463036,43.12588825912781,19,266,242,43
