Recall,PositiveRating,PerfRatio,Impact,top,right,bottom,left
0.4074188650167871,0.48624651918249084,4.819881898754879,43.934074935464565,19,266,242,43
