Recall,PositiveRating,PerfRatio,Impact,top,right,bottom,left
0.3882792537872112,0.3830455290703249,5.826115773176336,35.45982449347463,19,266,242,43
