Recall,PositiveRating,PerfRatio,Impact,top,right,bottom,left
0.523202967618593,0.6430037099137215,4.821501939442114,35.29418979408341,19,266,242,43
