Recall,PositiveRating,PerfRatio,Impact,top,right,bottom,left
0.5550791452605928,0.5793907705467448,4.716303681001432,34.98543804702576,22,266,226,62
