Recall,PositiveRating,PerfRatio,Impact,top,right,bottom,left
0.38588662757248926,0.4007957865402872,6.680890683674231,41.10337131913244,19,291,242,68
