Recall,PositiveRating,PerfRatio,Impact,top,right,bottom,left
0.7389150986452906,0.6838697833196304,5.418785751695666,39.47485703057706,22,266,226,62
