Recall,PositiveRating,PerfRatio,Impact,top,right,bottom,left
0.40947727356833746,0.5880564297244523,3.726951572449109,24.8457978281719,19,266,242,43
