Recall,PositiveRating,PerfRatio,Impact,top,right,bottom,left
0.4506794353190881,0.618693709105147,4.494653356015357,29.78098530650407,36,262,222,77
