Recall,PositiveRating,PerfRatio,Impact,top,right,bottom,left
0.6756566467970151,0.5918749874743301,5.314566511019841,40.7179696643947,36,262,222,77
