Recall,PositiveRating,PerfRatio,Impact,top,right,bottom,left
0.4280531635383945,0.4783084478486311,7.518912859691659,46.31218660372571,19,266,242,43
