Recall,PositiveRating,PerfRatio,Impact,top,right,bottom,left
0.42648482475509986,0.414696925855427,6.597681618198754,40.73431231179198,36,262,222,77
