Recall,PositiveRating,PerfRatio,Impact,top,right,bottom,left
0.6647444805775095,0.6503292703802314,5.254795026868635,42.649643514003344,19,266,242,43
