Recall,PositiveRating,PerfRatio,Impact,top,right,bottom,left
0.6015079547181841,0.5162766436247355,4.774915266218617,35.55047062666848,22,246,226,42
