Recall,PositiveRating,PerfRatio,Impact,top,right,bottom,left
0.6863090162105225,0.6191644728934274,5.138386619012086,38.28975094056107,22,266,226,62
