Recall,PositiveRating,PerfRatio,Impact,top,right,bottom,left
0.5654116126230693,0.5612941311493895,4.484177768244104,33.70729156284684,19,291,242,68
