Recall,PositiveRating,PerfRatio,Impact,top,right,bottom,left
0.41071041078063786,0.39221280206977915,6.4948868980965875,40.03856774738646,36,262,222,77
