Recall,PositiveRating,PerfRatio,Impact,top,right,bottom,left
0.6886262417807738,0.663242300159023,5.135189126553434,38.463028594991755,11,283,255,38
