Recall,PositiveRating,PerfRatio,Impact,top,right,bottom,left
0.5942950193373664,0.5987838505528532,4.693938926542531,36.76313154588674,19,266,242,43
