Recall,PositiveRating,PerfRatio,Impact,top,right,bottom,left
0.6739336900938288,0.5978079761924339,5.031928905349386,41.94310064301816,36,262,222,77
