Recall,PositiveRating,PerfRatio,Impact,top,right,bottom,left
0.4886727477741417,0.49015974834523673,7.082771632044707,43.304320558901345,19,266,242,43
