Recall,PositiveRating,PerfRatio,Impact,top,right,bottom,left
0.523848951648289,0.5802152885741001,4.309685356998053,32.08002764290096,36,262,222,77
