Recall,PositiveRating,PerfRatio,Impact,top,right,bottom,left
0.5102072506068296,0.5089675049907596,4.431338844240987,33.15687981912122,22,287,226,83
