Recall,PositiveRating,PerfRatio,Impact,top,right,bottom,left
0.5550682141294647,0.5962719373583023,4.226094708219677,31.196058494813652,1,246,205,42
