Recall,PositiveRating,PerfRatio,Impact,top,right,bottom,left
0.5238921518432127,0.5906428813395773,4.386404118876598,30.701207090264745,36,262,222,77
