Recall,PositiveRating,PerfRatio,Impact,top,right,bottom,left
0.6273879546673025,0.6578173556979756,5.413456126587953,42.25998578855769,19,266,242,43
