Recall,PositiveRating,PerfRatio,Impact,top,right,bottom,left
0.42152451665831747,0.4349347970416621,6.736797256513949,41.61107041937126,19,266,242,43
