Recall,PositiveRating,PerfRatio,Impact,top,right,bottom,left
0.5112250192001169,0.5987746850211765,4.376213892507445,30.215199931779456,36,262,222,77
