Recall,PositiveRating,PerfRatio,Impact,top,right,bottom,left
0.4992869139108946,0.5673538543933352,4.136036419451062,30.66986485451487,1,246,205,42
