Recall,PositiveRating,PerfRatio,Impact,top,right,bottom,left
0.5672711850142169,0.5645781006968538,4.534662620219166,33.59471910203276,22,266,226,62
