Recall,PositiveRating,PerfRatio,Impact,top,right,bottom,left
0.4143748294472448,0.4531816400488691,7.3831503839623664,45.39350976808698,36,262,222,77
