Recall,PositiveRating,PerfRatio,Impact,top,right,bottom,left
0.37946303251230223,0.4826361422305035,3.579490448729902,27.191690152713242,0,283,231,38
