Recall,PositiveRating,PerfRatio,Impact,top,right,bottom,left
0.41703333597216885,0.4453468574172668,7.038499935122261,43.326437289432086,19,266,242,43
