Recall,PositiveRating,PerfRatio,Impact,top,right,bottom,left
0.6791971578770861,0.5820515544283451,5.5830602020116125,43.976866660924344,19,266,242,43
