Recall,PositiveRating,PerfRatio,Impact,top,right,bottom,left
0.579889583124017,0.6237037632575145,4.793572268729188,34.792724402844954,19,291,242,68
