Recall,PositiveRating,PerfRatio,Impact,top,right,bottom,left
0.427151152887898,0.5329490171744516,3.7521767861990543,24.659230728905136,19,266,242,43
