Recall,PositiveRating,PerfRatio,Impact,top,right,bottom,left
0.4317738178887319,0.393299414651897,6.137954371983034,37.48133365665071,36,262,222,77
