Recall,PositiveRating,PerfRatio,Impact,top,right,bottom,left
0.36404694369233104,0.43381774219355107,4.408217706235765,41.08252624845375,19,266,242,43
