Recall,PositiveRating,PerfRatio,Impact,top,right,bottom,left
0.4404751223342485,0.5417408743082707,4.313769161296012,32.12441583148033,36,262,222,77
