Recall,PositiveRating,PerfRatio,Impact,top,right,bottom,left
0.8386731186172925,0.7885750005265239,3.7947673993569,43.61107622860827,19,266,242,43
