Recall,PositiveRating,PerfRatio,Impact,top,right,bottom,left
0.36472746579888904,0.4611859392755738,6.845835339861688,42.24926587093608,19,266,242,43
