Recall,PositiveRating,PerfRatio,Impact,top,right,bottom,left
0.5377245640560944,0.5896058128607667,4.594921286864553,34.28796176400773,22,266,226,62
