Recall,PositiveRating,PerfRatio,Impact,top,right,bottom,left
0.6382382405114828,0.5799587920494995,5.1835392129734075,38.2373802042862,22,266,226,62
