Recall,PositiveRating,PerfRatio,Impact,top,right,bottom,left
0.6528697041070235,0.6050536461206023,5.438202048319113,40.24090298831163,22,246,226,42
