Recall,PositiveRating,PerfRatio,Impact,top,right,bottom,left
0.7364345531981563,0.6218261327345532,5.403734546429173,45.75651631708314,19,266,242,43
