Recall,PositiveRating,PerfRatio,Impact,top,right,bottom,left
0.7070308915868,0.5898643450489037,5.410057119799908,41.18864540236045,19,266,242,43
