Recall,PositiveRating,PerfRatio,Impact,top,right,bottom,left
0.654024945215969,0.6267264062872797,5.282068564728819,39.14979647134508,22,266,226,62
