Recall,PositiveRating,PerfRatio,Impact,top,right,bottom,left
0.4475623385100683,0.4165347817258624,6.648221212042733,40.71984149317256,36,262,222,77
