Recall,PositiveRating,PerfRatio,Impact,top,right,bottom,left
0.4294182230332627,0.360387903855343,6.252893931632456,38.05160192835291,19,266,242,43
