Recall,PositiveRating,PerfRatio,Impact,top,right,bottom,left
0.44961469302696777,0.48965938139388626,7.227357912133946,44.19767770171015,36,262,222,77
