Recall,PositiveRating,PerfRatio,Impact,top,right,bottom,left
0.4360638114298133,0.4654103857037611,6.623904762824365,40.6138816935107,19,266,242,43
