Recall,PositiveRating,PerfRatio,Impact,top,right,bottom,left
0.5768670374044595,0.5746961307826424,5.045910467414851,36.82177303866995,22,266,226,62
