Recall,PositiveRating,PerfRatio,Impact,top,right,bottom,left
0.46659035280150785,0.48974007276312453,7.143270765037157,43.81239261197768,19,266,242,43
