Recall,PositiveRating,PerfRatio,Impact,top,right,bottom,left
0.4594013050820781,0.4622325482109367,6.8366216456584095,41.74089298608962,36,262,222,77
