Recall,PositiveRating,PerfRatio,Impact,top,right,bottom,left
0.7694125905834819,0.6816542645226802,5.844939681488216,47.021343001217375,36,262,222,77
