Recall,PositiveRating,PerfRatio,Impact,top,right,bottom,left
0.3398285557001311,0.4424733151033988,4.533374073831654,41.62449440095598,19,266,242,43
