Recall,PositiveRating,PerfRatio,Impact,top,right,bottom,left
0.40038089158531276,0.3982588070965314,6.837926928685906,41.83027597423722,19,291,242,68
