Recall,PositiveRating,PerfRatio,Impact,top,right,bottom,left
0.6303026656791851,0.5743488172911158,5.054730577892414,41.95157887529311,36,262,222,77
