Recall,PositiveRating,PerfRatio,Impact,top,right,bottom,left
0.35702953266126325,0.38896021008152076,6.617603196134225,40.534670650585944,36,262,222,77
