Recall,PositiveRating,PerfRatio,Impact,top,right,bottom,left
0.6984076723249351,0.6643528309649621,5.7536153570070585,44.94778152772942,19,266,242,43
