Recall,PositiveRating,PerfRatio,Impact,top,right,bottom,left
0.3925050519750386,0.4269304529640521,4.267123533064576,39.31141513594983,36,262,222,77
