Recall,PositiveRating,PerfRatio,Impact,top,right,bottom,left
0.4768054818622109,0.5367870780709513,4.565704762953161,33.28417968781328,19,266,242,43
