Recall,PositiveRating,PerfRatio,Impact,top,right,bottom,left
0.35185676164241425,0.3483365632120001,4.158203733520647,38.372711021387886,36,262,222,77
