Recall,PositiveRating,PerfRatio,Impact,top,right,bottom,left
0.6672234118259825,0.5986714825894547,5.044619052603579,37.04349669094482,22,266,226,62
