Recall,PositiveRating,PerfRatio,Impact,top,right,bottom,left
0.5635791630313323,0.5419323338815245,4.96924386966779,37.217881864811076,22,266,226,62
