Recall,PositiveRating,PerfRatio,Impact,top,right,bottom,left
0.6974842057317951,0.6430929409890814,5.466605651083176,42.3760526522091,19,266,242,43
