Recall,PositiveRating,PerfRatio,Impact,top,right,bottom,left
0.6270019808539085,0.5665685307798264,5.381100117229006,41.87136120573135,19,291,242,68
