Recall,PositiveRating,PerfRatio,Impact,top,right,bottom,left
0.7256633428892942,0.6227814464426102,5.724173314200532,44.73483149682296,36,262,222,77
