Recall,PositiveRating,PerfRatio,Impact,top,right,bottom,left
0.47771927348432863,0.3668318035258231,6.479405728290899,39.92003811029539,19,266,242,43
