Recall,PositiveRating,PerfRatio,Impact,top,right,bottom,left
0.7180946835352635,0.6975417766384084,5.686849881700737,46.64520178278846,19,266,242,43
