Recall,PositiveRating,PerfRatio,Impact,top,right,bottom,left
0.6379246646331727,0.6056254171574148,5.104548485940379,38.87766383246362,36,262,222,77
