Recall,PositiveRating,PerfRatio,Impact,top,right,bottom,left
0.5776469657519299,0.6226694023921951,4.719060095148841,34.63873088998885,19,266,242,43
