Recall,PositiveRating,PerfRatio,Impact,top,right,bottom,left
0.6121829069590528,0.622495718779219,5.06319969389057,37.23835531593842,22,266,226,62
