Recall,PositiveRating,PerfRatio,Impact,top,right,bottom,left
0.6882422054186943,0.6229322319216979,5.455703416061942,39.83863249965937,1,266,205,62
