Recall,PositiveRating,PerfRatio,Impact,top,right,bottom,left
0.7248496932362667,0.6839899158569293,5.4236352501447325,39.59381084982349,22,266,226,62
