Recall,PositiveRating,PerfRatio,Impact,top,right,bottom,left
0.6156776891149192,0.6294177642382801,5.218705422530078,39.652711788913564,36,262,222,77
