Recall,PositiveRating,PerfRatio,Impact,top,right,bottom,left
0.6790127337632978,0.6124094905620894,4.606468722533097,33.8490797357906,1,246,205,42
