Recall,PositiveRating,PerfRatio,Impact,top,right,bottom,left
0.5713478121223283,0.6239416910276282,4.536777996744621,31.530387169850396,36,262,222,77
