Recall,PositiveRating,PerfRatio,Impact,top,right,bottom,left
0.5458181245227032,0.5985701472729934,4.751742108549701,34.1439607055288,36,262,222,77
