Recall,PositiveRating,PerfRatio,Impact,top,right,bottom,left
0.525857835906487,0.6274013025890265,4.6349447426880355,34.55958926619505,36,262,222,77
