Recall,PositiveRating,PerfRatio,Impact,top,right,bottom,left
0.5661299593019764,0.5733612116933282,4.6299342526086615,33.44509996268271,19,266,242,43
