Recall,PositiveRating,PerfRatio,Impact,top,right,bottom,left
0.6075871237024553,0.6125975794514679,5.044279385439151,38.321531774642004,19,266,242,43
