Recall,PositiveRating,PerfRatio,Impact,top,right,bottom,left
0.4392111561679536,0.4850929211357036,7.116561771066388,43.55743329515993,19,266,242,43
