Recall,PositiveRating,PerfRatio,Impact,top,right,bottom,left
0.5692911533308345,0.5509759180909364,4.320422798521578,31.754350619306546,22,246,226,42
