Recall,PositiveRating,PerfRatio,Impact,top,right,bottom,left
0.4508504436346428,0.35357089397307384,6.386174029408311,39.236660279846134,19,266,242,43
