Recall,PositiveRating,PerfRatio,Impact,top,right,bottom,left
0.5597802682268247,0.5641431555659938,4.36509516171923,31.77606283978146,36,262,222,77
