Recall,PositiveRating,PerfRatio,Impact,top,right,bottom,left
0.5879499320563004,0.5917217679820218,4.830957918700751,35.215192394234755,36,262,222,77
