Recall,PositiveRating,PerfRatio,Impact,top,right,bottom,left
0.5090434829729134,0.5724730089621238,4.068651001904544,30.186066665088116,22,266,226,62
