Recall,PositiveRating,PerfRatio,Impact,top,right,bottom,left
0.4461596731735076,0.5045963125994625,6.799929465644034,41.61710131591966,36,262,222,77
