Recall,PositiveRating,PerfRatio,Impact,top,right,bottom,left
0.6049366660811557,0.5786712980835768,4.9203358424469865,36.283595162603085,36,262,222,77
