Recall,PositiveRating,PerfRatio,Impact,top,right,bottom,left
0.501065121427239,0.628267571699704,4.487816814075732,30.822085069293596,36,262,222,77
