Recall,PositiveRating,PerfRatio,Impact,top,right,bottom,left
0.733762615847245,0.651158261599931,5.2781999210245525,38.966016533778706,22,246,226,42
