Recall,PositiveRating,PerfRatio,Impact,top,right,bottom,left
0.6275793950757897,0.566586796605989,4.967469094184605,38.136776954739396,19,266,242,43
