Recall,PositiveRating,PerfRatio,Impact,top,right,bottom,left
0.5592647962204027,0.6120719413297268,4.557540177000017,31.125033319263753,36,262,222,77
