Recall,PositiveRating,PerfRatio,Impact,top,right,bottom,left
0.5152469530944798,0.543485492324874,4.208314601861534,29.459568923860736,36,262,222,77
