Recall,PositiveRating,PerfRatio,Impact,top,right,bottom,left
0.3612795679482654,0.5092054582811589,3.7927454815924513,28.688999625273368,22,266,226,62
