Recall,PositiveRating,PerfRatio,Impact,top,right,bottom,left
0.5756854275364898,0.6264149225375191,4.249970214026923,31.40709142689708,22,266,226,62
