Recall,PositiveRating,PerfRatio,Impact,top,right,bottom,left
0.4745814730635086,0.5913058347723238,4.727874303108021,35.09511981636399,36,262,222,77
