Recall,PositiveRating,PerfRatio,Impact,top,right,bottom,left
0.4237722487487735,0.5389231060735463,4.667136141902231,42.81002265535956,19,266,242,43
