Recall,PositiveRating,PerfRatio,Impact,top,right,bottom,left
0.5786086263078553,0.6031157379551567,4.7179342307188845,36.287503254218784,19,266,242,43
