Recall,PositiveRating,PerfRatio,Impact,top,right,bottom,left
0.3969691556857907,0.5157289972178711,7.308643263482149,44.8911695531538,36,262,222,77
