Recall,PositiveRating,PerfRatio,Impact,top,right,bottom,left
0.43223626000240156,0.5180042948700859,7.161038050569993,44.06357129672554,19,266,242,43
