Recall,PositiveRating,PerfRatio,Impact,top,right,bottom,left
0.37254879603485413,0.4419108474550211,7.03691363791302,43.41566528364546,36,262,222,77
