Recall,PositiveRating,PerfRatio,Impact,top,right,bottom,left
0.4167896138199364,0.5359822949349821,7.572885244736948,46.798643952087076,36,262,222,77
