Recall,PositiveRating,PerfRatio,Impact,top,right,bottom,left
0.43616230218771135,0.495438134648117,7.261172645007115,45.0112872366226,36,262,222,77
