Recall,PositiveRating,PerfRatio,Impact,top,right,bottom,left
0.7029774753322271,0.6483401771100594,4.668812779125384,34.613180909119386,22,266,226,62
