Recall,PositiveRating,PerfRatio,Impact,top,right,bottom,left
0.4333578203129477,0.48995223146563627,4.589849215808003,41.9559578441212,19,266,242,43
