Recall,PositiveRating,PerfRatio,Impact,top,right,bottom,left
0.4197824767834104,0.3931003179267072,6.279917308254247,38.35232438106839,36,262,222,77
