Recall,PositiveRating,PerfRatio,Impact,top,right,bottom,left
0.6265882023775005,0.5739846746268717,5.228486346416772,38.653399002623736,22,266,226,62
