Recall,PositiveRating,PerfRatio,Impact,top,right,bottom,left
0.5400077726194872,0.5352929868693292,4.612543510705591,33.97418728061565,22,266,226,62
