Recall,PositiveRating,PerfRatio,Impact,top,right,bottom,left
0.3831739860200028,0.5424179207873274,3.931013824464598,29.507546126159603,22,246,226,42
