Recall,PositiveRating,PerfRatio,Impact,top,right,bottom,left
0.4320310205471758,0.42824306907254983,4.765701265779234,44.29356348655599,19,266,242,43
