Recall,PositiveRating,PerfRatio,Impact,top,right,bottom,left
0.3990980406607716,0.4089497666049265,6.475709722913444,39.822255677952555,36,262,222,77
