Recall,PositiveRating,PerfRatio,Impact,top,right,bottom,left
0.38425216208019664,0.36183441485543316,6.195476436312128,37.71931327438553,19,266,242,43
