Recall,PositiveRating,PerfRatio,Impact,top,right,bottom,left
0.7428801655639505,0.6420150446200246,5.624502910379421,45.157332518199574,36,262,222,77
