Recall,PositiveRating,PerfRatio,Impact,top,right,bottom,left
0.6270614118790818,0.5880060298988394,5.172166098925154,37.72907209748164,22,266,226,62
