Recall,PositiveRating,PerfRatio,Impact,top,right,bottom,left
0.395128536686514,0.528566966633375,3.707203783240709,27.987124829839246,22,266,226,62
