Recall,PositiveRating,PerfRatio,Impact,top,right,bottom,left
0.4040049708601826,0.42137233123924595,6.477432136387981,39.49624775570687,19,266,242,43
