Recall,PositiveRating,PerfRatio,Impact,top,right,bottom,left
0.5971852711988949,0.6206883847594679,4.796777863225836,37.770173196397174,36,262,222,77
