Recall,PositiveRating,PerfRatio,Impact,top,right,bottom,left
0.39785221781741825,0.5197973465544995,4.188750350497339,31.576344979325498,22,266,226,62
