Recall,PositiveRating,PerfRatio,Impact,top,right,bottom,left
0.6463087982122022,0.616007094381217,5.01168456023251,37.557739886296915,22,266,226,62
