Recall,PositiveRating,PerfRatio,Impact,top,right,bottom,left
0.4909064405477207,0.4836062433277109,6.46904620538889,39.35425260063391,36,262,222,77
