Recall,PositiveRating,PerfRatio,Impact,top,right,bottom,left
0.45431622272589467,0.38799171530441917,6.442462386299991,39.26229053978347,36,262,222,77
