Recall,PositiveRating,PerfRatio,Impact,top,right,bottom,left
0.5018360398872999,0.5776023291328833,4.501677141136885,31.52473616344379,19,266,242,43
