Recall,PositiveRating,PerfRatio,Impact,top,right,bottom,left
0.6178960559712536,0.62318068157109,4.996479438856251,38.79071756068054,36,262,222,77
