Recall,PositiveRating,PerfRatio,Impact,top,right,bottom,left
0.5649957064908155,0.5834935511728168,5.0994293336379775,37.64987493663395,22,266,226,62
