Recall,PositiveRating,PerfRatio,Impact,top,right,bottom,left
0.6928273199132746,0.6384304950027325,4.890607033145675,35.83290481542654,22,266,226,62
