Recall,PositiveRating,PerfRatio,Impact,top,right,bottom,left
0.6403795144060613,0.639754751063626,5.305021242399647,38.436009412632366,22,266,226,62
