Recall,PositiveRating,PerfRatio,Impact,top,right,bottom,left
0.5071251389903333,0.5987189653687549,4.56014367683574,34.61466474825159,19,266,242,43
