Recall,PositiveRating,PerfRatio,Impact,top,right,bottom,left
0.3724988532313885,0.5152238211265098,3.7975362071628607,26.673559482384636,19,266,242,43
