Recall,PositiveRating,PerfRatio,Impact,top,right,bottom,left
0.42735752804533633,0.3990857742056519,6.649155316777905,40.714305965542664,36,262,222,77
