Recall,PositiveRating,PerfRatio,Impact,top,right,bottom,left
0.620854148741874,0.5847463805995176,4.712978551056081,34.52007265958778,22,266,226,62
