Recall,PositiveRating,PerfRatio,Impact,top,right,bottom,left
0.4093169252848195,0.5295594803717731,3.754654164661345,25.01747308454462,36,262,222,77
