Recall,PositiveRating,PerfRatio,Impact,top,right,bottom,left
0.4531215443686799,0.3991757101031856,6.791214504455847,41.51809877579995,36,262,222,77
