Recall,PositiveRating,PerfRatio,Impact,top,right,bottom,left
0.39357126140725585,0.32226234710834106,4.059485494710167,37.606262675477254,36,262,222,77
