Recall,PositiveRating,PerfRatio,Impact,top,right,bottom,left
0.5827645462644946,0.5991852693099546,4.919710277441904,36.9366368198283,36,262,222,77
