Recall,PositiveRating,PerfRatio,Impact,top,right,bottom,left
0.6357986319150377,0.554337498675912,4.649199052170024,36.709670179224155,36,262,222,77
