Recall,PositiveRating,PerfRatio,Impact,top,right,bottom,left
0.39680165143289337,0.5388329280285856,7.476297897255968,46.39669091145836,19,266,242,43
