Recall,PositiveRating,PerfRatio,Impact,top,right,bottom,left
0.5881897391060775,0.6415494969467687,5.072068826059119,38.7406898105274,36,262,222,77
