Recall,PositiveRating,PerfRatio,Impact,top,right,bottom,left
0.536870962597787,0.5315003015893681,4.6250299135106925,35.46288692574076,36,262,222,77
