Recall,PositiveRating,PerfRatio,Impact,top,right,bottom,left
0.43688066733216646,0.47356184810923946,6.543306245633557,40.03495774683534,36,262,222,77
