Recall,PositiveRating,PerfRatio,Impact,top,right,bottom,left
0.6440458946609824,0.5756552016638301,5.125311993511685,40.00035034345997,19,266,242,43
