Recall,PositiveRating,PerfRatio,Impact,top,right,bottom,left
0.6334802338140468,0.5715701683519383,5.104931013237829,39.44484919205078,36,262,222,77
