Recall,PositiveRating,PerfRatio,Impact,top,right,bottom,left
0.7175644432513646,0.5809066353964204,5.451338210249945,42.50409836011297,43,266,266,43
