Recall,PositiveRating,PerfRatio,Impact,top,right,bottom,left
0.41366023851404987,0.41550660477351603,6.589384143723371,40.2663242776005,36,262,222,77
