Recall,PositiveRating,PerfRatio,Impact,top,right,bottom,left
0.7754976152484692,0.6806509147793588,5.484177742164594,39.76858452900586,22,266,226,62
