Recall,PositiveRating,PerfRatio,Impact,top,right,bottom,left
0.5080056756780271,0.4964985864223313,4.560580904105423,34.207235122836686,11,283,255,38
