Recall,PositiveRating,PerfRatio,Impact,top,right,bottom,left
0.708767260557499,0.6026526074314161,5.132416308602804,43.16485258486854,43,266,266,43
