Recall,PositiveRating,PerfRatio,Impact,top,right,bottom,left
0.42963232848684685,0.5030934772521848,7.1945469288068535,44.15257441412392,36,262,222,77
