Recall,PositiveRating,PerfRatio,Impact,top,right,bottom,left
0.7604665918825246,0.6623044588721254,5.778399535360942,42.92630943430133,22,246,226,42
