Recall,PositiveRating,PerfRatio,Impact,top,right,bottom,left
0.38622946097953026,0.39632990311481336,5.767756622827998,35.08090181308117,36,262,222,77
