Recall,PositiveRating,PerfRatio,Impact,top,right,bottom,left
0.6474725876280026,0.5784405220573573,4.833295718250937,39.09645977076285,36,262,222,77
