Recall,PositiveRating,PerfRatio,Impact,top,right,bottom,left
0.6015984707818471,0.582212387012468,5.292274061434877,38.57276973211489,22,266,226,62
