Recall,PositiveRating,PerfRatio,Impact,top,right,bottom,left
0.689944932903167,0.5926277934803317,5.454275475794817,43.996623534941946,36,262,222,77
