Recall,PositiveRating,PerfRatio,Impact,top,right,bottom,left
0.4130608964526572,0.3750493206055585,4.235781967686962,39.03874704925208,19,266,242,43
