Recall,PositiveRating,PerfRatio,Impact,top,right,bottom,left
0.4885380704684822,0.4565205766886819,6.700648787526951,40.8780218964542,19,266,242,43
