Recall,PositiveRating,PerfRatio,Impact,top,right,bottom,left
0.4395106359067722,0.37804990878787725,6.297149131572634,38.17446795453556,19,266,242,43
