Recall,PositiveRating,PerfRatio,Impact,top,right,bottom,left
0.7426337275548995,0.6466548366900264,5.663442249210061,44.45660384692512,36,262,222,77
