Recall,PositiveRating,PerfRatio,Impact,top,right,bottom,left
0.3255628104287697,0.27941010828491,4.319458888070956,39.2840228272098,19,266,242,43
