Recall,PositiveRating,PerfRatio,Impact,top,right,bottom,left
0.6215217778181266,0.5836594396565791,4.8366498461549154,36.05927405094861,22,266,226,62
