Recall,PositiveRating,PerfRatio,Impact,top,right,bottom,left
0.8398054952786627,0.7393235466963246,6.4122323305923565,51.25547863753507,36,262,222,77
