Recall,PositiveRating,PerfRatio,Impact,top,right,bottom,left
0.6146808507336396,0.589314045828891,4.773988935609316,35.75678074445224,22,266,226,62
