Recall,PositiveRating,PerfRatio,Impact,top,right,bottom,left
0.41419999700955223,0.3731190464388757,6.3212443573020884,38.79929099034586,36,262,222,77
