Recall,PositiveRating,PerfRatio,Impact,top,right,bottom,left
0.3988799057171034,0.38525624851992474,6.630251098266519,40.7279718020755,19,266,242,43
