Recall,PositiveRating,PerfRatio,Impact,top,right,bottom,left
0.7019528455031782,0.6761018147511084,5.937356324731921,51.792354436374026,36,262,222,77
