Recall,PositiveRating,PerfRatio,Impact,top,right,bottom,left
0.41280120510981855,0.4335420583645944,6.852111215458484,41.878438548250536,43,266,266,43
