Recall,PositiveRating,PerfRatio,Impact,top,right,bottom,left
0.6114233792014414,0.5589108850004189,5.117635746535299,41.23248575341612,19,266,242,43
