Recall,PositiveRating,PerfRatio,Impact,top,right,bottom,left
0.7171587051384056,0.6475008441257154,5.6055572119397,41.289145348122126,11,283,255,38
