Recall,PositiveRating,PerfRatio,Impact,top,right,bottom,left
0.609143057788524,0.5822392802645641,5.363272912619578,38.69712237495569,22,266,226,62
