Recall,PositiveRating,PerfRatio,Impact,top,right,bottom,left
0.5974634574872162,0.6174453956645463,4.533412211252445,33.478416803475525,22,266,226,62
