Recall,PositiveRating,PerfRatio,Impact,top,right,bottom,left
0.3912162853615483,0.3925524068641284,6.523954175376543,40.01628278418684,36,262,222,77
