Recall,PositiveRating,PerfRatio,Impact,top,right,bottom,left
0.5543140403742616,0.5386482628490921,4.849327064337411,39.12615320105651,36,262,222,77
