Recall,PositiveRating,PerfRatio,Impact,top,right,bottom,left
0.5552831873346653,0.5099039187303117,4.791025769328809,36.819180021648386,19,266,242,43
