Recall,PositiveRating,PerfRatio,Impact,top,right,bottom,left
0.3682923813138421,0.2682669569465965,4.01143102761522,36.893397742363334,19,266,242,43
