Recall,PositiveRating,PerfRatio,Impact,top,right,bottom,left
0.5574349898575821,0.6037550998834851,4.855177033893172,37.6763650694839,36,262,222,77
