Recall,PositiveRating,PerfRatio,Impact,top,right,bottom,left
0.6255858013456289,0.6137204058459311,5.330748239758337,41.15336534483784,36,262,222,77
