Recall,PositiveRating,PerfRatio,Impact,top,right,bottom,left
0.6840040516690471,0.5902108070869551,5.47465600267975,40.09956085694315,22,266,226,62
