Recall,PositiveRating,PerfRatio,Impact,top,right,bottom,left
0.696750439166514,0.647965382022264,5.651435183513098,43.9590114167498,36,262,222,77
