Recall,PositiveRating,PerfRatio,Impact,top,right,bottom,left
0.339869197709392,0.43596806958714307,4.227455266176182,39.56669576455526,36,262,222,77
