Recall,PositiveRating,PerfRatio,Impact,top,right,bottom,left
0.7507266773591459,0.6221880168043391,5.879659245104385,45.984172153532896,19,266,242,43
