Recall,PositiveRating,PerfRatio,Impact,top,right,bottom,left
0.7845171704845433,0.7605815232657086,3.5642412273195276,40.225145859418134,19,266,242,43
