Recall,PositiveRating,PerfRatio,Impact,top,right,bottom,left
0.48445800030585484,0.4435638105865551,6.995967095679173,42.68859115718299,19,266,242,43
