Recall,PositiveRating,PerfRatio,Impact,top,right,bottom,left
0.42026885436503814,0.40391943219303866,6.840061578582835,42.256040119204705,36,262,222,77
