Recall,PositiveRating,PerfRatio,Impact,top,right,bottom,left
0.7461219745417937,0.6276258732043598,5.673783527695879,47.13322961260921,19,266,242,43
