Recall,PositiveRating,PerfRatio,Impact,top,right,bottom,left
0.9536365023749254,0.8011370251906854,6.6304887040650025,53.96317824508669,19,266,242,43
