Recall,PositiveRating,PerfRatio,Impact,top,right,bottom,left
0.4549667601806424,0.4679921872249507,7.355694764598535,45.24473501892079,19,266,242,43
