Recall,PositiveRating,PerfRatio,Impact,top,right,bottom,left
0.5120320899785192,0.5527291692976545,4.504471835518762,32.375198143649534,36,262,222,77
