Recall,PositiveRating,PerfRatio,Impact,top,right,bottom,left
0.6778968580306635,0.5770424934926355,5.466349069403494,40.67586180092275,22,266,226,62
