Recall,PositiveRating,PerfRatio,Impact,top,right,bottom,left
0.6983081492240137,0.6635766011134907,5.554232222741991,41.14037475241378,22,266,226,62
