Recall,PositiveRating,PerfRatio,Impact,top,right,bottom,left
0.6592855691376898,0.6405643585150538,4.901196787501723,34.94595350675165,36,262,222,77
