Recall,PositiveRating,PerfRatio,Impact,top,right,bottom,left
0.684440820362296,0.6041207611652919,5.137600930848036,40.02966925215221,36,262,222,77
