Recall,PositiveRating,PerfRatio,Impact,top,right,bottom,left
0.7294961899712746,0.6053050355566969,5.532307872123125,42.672500920754835,19,266,242,43
