Recall,PositiveRating,PerfRatio,Impact,top,right,bottom,left
0.5970394833644409,0.5642385718300063,4.9002739623133325,40.43725067026792,36,262,222,77
