Recall,PositiveRating,PerfRatio,Impact,top,right,bottom,left
0.3982088664214465,0.47706334306704085,7.135865321405222,43.94434200925557,19,266,242,43
