Recall,PositiveRating,PerfRatio,Impact,top,right,bottom,left
0.4615844943322377,0.44501389495149707,6.8625351266044365,42.29993526297437,36,262,222,77
