Recall,PositiveRating,PerfRatio,Impact,top,right,bottom,left
0.6994100481641394,0.6519421066510281,5.32015548497945,39.52043256865474,19,266,242,43
