Recall,PositiveRating,PerfRatio,Impact,top,right,bottom,left
0.7580365638623423,0.6842138990415635,5.947248055748489,51.924443792159714,19,266,242,43
