Recall,PositiveRating,PerfRatio,Impact,top,right,bottom,left
0.5356475082647925,0.5580905107964698,4.595271860979607,34.58959486033417,22,266,226,62
