Recall,PositiveRating,PerfRatio,Impact,top,right,bottom,left
0.6828911662722565,0.565661388663022,5.2030426554998686,40.25571837810016,36,262,222,77
