Recall,PositiveRating,PerfRatio,Impact,top,right,bottom,left
0.7515449297525649,0.6428864162536525,5.446393387090108,39.582003432179626,22,266,226,62
