Recall,PositiveRating,PerfRatio,Impact,top,right,bottom,left
0.7144236913979385,0.6349589143905358,5.4661184097018785,42.66609265393176,19,266,242,43
