Recall,PositiveRating,PerfRatio,Impact,top,right,bottom,left
0.5762275787791284,0.6342592199486483,4.5599419736736095,33.718361606354335,22,266,226,62
