Recall,PositiveRating,PerfRatio,Impact,top,right,bottom,left
0.5696756056349723,0.5674394357561263,4.910201217863369,35.945891466611684,22,266,226,62
