Recall,PositiveRating,PerfRatio,Impact,top,right,bottom,left
0.42884952169765644,0.45395111493390977,6.88888003367832,42.52890569521302,19,266,242,43
