Recall,PositiveRating,PerfRatio,Impact,top,right,bottom,left
0.6107173470559275,0.5919500485317345,4.576777523459808,33.52080178214343,22,266,226,62
