Recall,PositiveRating,PerfRatio,Impact,top,right,bottom,left
0.39302971245776175,0.40437587885101306,5.93942129101243,36.30330117801337,36,262,222,77
