Recall,PositiveRating,PerfRatio,Impact,top,right,bottom,left
0.5722319058526566,0.5948511560045043,4.66743535514639,34.602971307340006,22,266,226,62
