Recall,PositiveRating,PerfRatio,Impact,top,right,bottom,left
0.5603580679814464,0.6350995458713514,4.726611121077301,34.42822475766068,36,262,222,77
