Recall,PositiveRating,PerfRatio,Impact,top,right,bottom,left
0.40078595077013307,0.5324078153463963,4.560013774423505,42.074346390406276,19,266,242,43
