Recall,PositiveRating,PerfRatio,Impact,top,right,bottom,left
0.4771949444833201,0.542426608382873,4.859803894811864,44.429921808738506,36,262,222,77
