Recall,PositiveRating,PerfRatio,Impact,top,right,bottom,left
0.5992028413890421,0.6159104772560875,5.194487465502933,40.61354172517278,19,266,242,43
