Recall,PositiveRating,PerfRatio,Impact,top,right,bottom,left
0.44307308747242913,0.4346787606513414,6.827236843510587,41.815506368221804,36,262,222,77
