Recall,PositiveRating,PerfRatio,Impact,top,right,bottom,left
0.4501072598457352,0.41371332621489926,6.768883179576638,41.45375690491693,19,266,242,43
