Recall,PositiveRating,PerfRatio,Impact,top,right,bottom,left
0.471901493716836,0.5517606153238327,7.637242635515672,46.957186122142225,36,262,222,77
