Recall,PositiveRating,PerfRatio,Impact,top,right,bottom,left
0.5306772642823441,0.519705815400752,4.734029379953796,35.02094399103174,22,246,226,42
