Recall,PositiveRating,PerfRatio,Impact,top,right,bottom,left
0.39436794361146643,0.35797476477338236,5.831665219906309,35.70080427390314,19,291,242,68
