Recall,PositiveRating,PerfRatio,Impact,top,right,bottom,left
0.6248140727478657,0.5830637820392154,4.96135731357622,37.17633537008408,36,262,222,77
