Recall,PositiveRating,PerfRatio,Impact,top,right,bottom,left
0.7335008099837297,0.5957706109759937,5.501797590676577,42.139502305503214,19,266,242,43
