Recall,PositiveRating,PerfRatio,Impact,top,right,bottom,left
0.5494012122649191,0.6563657989491284,5.303911196644768,39.549006507368695,36,262,222,77
