Recall,PositiveRating,PerfRatio,Impact,top,right,bottom,left
0.7063344571353171,0.6510289188877327,5.259815814295045,44.09294042522085,19,266,242,43
