Recall,PositiveRating,PerfRatio,Impact,top,right,bottom,left
0.44621275894001844,0.4458834084625452,6.89311464505957,42.30637337612872,36,262,222,77
