Recall,PositiveRating,PerfRatio,Impact,top,right,bottom,left
0.48736719503830966,0.5698755529647094,4.477645784550183,31.61461580745878,19,266,242,43
