Recall,PositiveRating,PerfRatio,Impact,top,right,bottom,left
0.5311584950564121,0.5840504612531047,4.384614978646215,30.03586795783525,43,291,266,68
