Recall,PositiveRating,PerfRatio,Impact,top,right,bottom,left
0.5699848561561636,0.5263846600338694,4.960911871986672,36.534600059785184,22,266,226,62
