Recall,PositiveRating,PerfRatio,Impact,top,right,bottom,left
0.4137865074621615,0.4744411059968506,7.0912767132071055,43.557539883998714,19,266,242,43
