Recall,PositiveRating,PerfRatio,Impact,top,right,bottom,left
0.646997148018364,0.5156166950786205,5.041930279718973,39.9611613952406,43,266,266,43
