Recall,PositiveRating,PerfRatio,Impact,top,right,bottom,left
0.6771385604374385,0.6208404380895396,5.3504637619916595,40.87968927674073,36,262,222,77
