Recall,PositiveRating,PerfRatio,Impact,top,right,bottom,left
0.4210066746201399,0.5139559819378161,3.9298378295057663,29.39837970541769,11,283,255,38
