Recall,PositiveRating,PerfRatio,Impact,top,right,bottom,left
0.4238965736796769,0.3350770249943685,6.255323225670946,38.295355804371084,43,266,266,43
