Recall,PositiveRating,PerfRatio,Impact,top,right,bottom,left
0.467792020514311,0.4850820391642264,7.257956351218889,44.914273736591994,36,262,222,77
