Recall,PositiveRating,PerfRatio,Impact,top,right,bottom,left
0.395471547304362,0.5240903353777804,3.870542056294405,29.429328242595894,22,225,226,21
