Recall,PositiveRating,PerfRatio,Impact,top,right,bottom,left
0.40230055726174785,0.42257520400474874,6.867473118827616,42.22084056063049,19,266,242,43
