Recall,PositiveRating,PerfRatio,Impact,top,right,bottom,left
0.6981521864876965,0.6340951527638344,5.428652000645558,44.11289325769367,19,291,242,68
