Recall,PositiveRating,PerfRatio,Impact,top,right,bottom,left
0.42179013713777536,0.4602455406080328,4.608296531913902,42.508096481452796,36,262,222,77
