Recall,PositiveRating,PerfRatio,Impact,top,right,bottom,left
0.7036348565404369,0.6607219286678407,5.421892262144628,40.21126672268062,36,262,222,77
