Recall,PositiveRating,PerfRatio,Impact,top,right,bottom,left
0.7014474232694341,0.6695263025027223,5.149833692371009,38.072780039217044,1,266,205,62
