Recall,PositiveRating,PerfRatio,Impact,top,right,bottom,left
0.3580301618018762,0.3723734488470375,4.526566074826856,41.208175429028124,19,266,242,43
