Recall,PositiveRating,PerfRatio,Impact,top,right,bottom,left
0.6618711127492847,0.6569401494228758,5.060388808107828,37.8171393895982,22,266,226,62
