Recall,PositiveRating,PerfRatio,Impact,top,right,bottom,left
0.4937355848336084,0.558676916607598,4.042561252829274,29.940293361780583,22,266,226,62
