Recall,PositiveRating,PerfRatio,Impact,top,right,bottom,left
0.4776392911328766,0.5132135894133404,7.613675403255612,47.315289430601744,36,262,222,77
