Recall,PositiveRating,PerfRatio,Impact,top,right,bottom,left
0.8278343652825544,0.7319833332872911,5.885244856616984,42.68282772859571,22,266,226,62
