Recall,PositiveRating,PerfRatio,Impact,top,right,bottom,left
0.6411304077042019,0.6091400420840142,5.04778242489529,37.6435369670052,36,262,222,77
