Recall,PositiveRating,PerfRatio,Impact,top,right,bottom,left
0.3845897246943202,0.4371010092738981,6.761729049296229,41.61928536894175,36,262,222,77
