Recall,PositiveRating,PerfRatio,Impact,top,right,bottom,left
0.38315528741932736,0.5087618378275156,4.730124614403385,43.90631356989912,36,262,222,77
