Recall,PositiveRating,PerfRatio,Impact,top,right,bottom,left
0.5964378972705293,0.5967754960811859,4.929233425156381,36.849806683398405,22,266,226,62
