Recall,PositiveRating,PerfRatio,Impact,top,right,bottom,left
0.4027000787396534,0.5579132902881311,7.106181969549654,43.86947045984518,43,291,266,68
