Recall,PositiveRating,PerfRatio,Impact,top,right,bottom,left
0.743720140720861,0.715937272198819,3.4994978718149943,39.15198267315802,36,262,222,77
