Recall,PositiveRating,PerfRatio,Impact,top,right,bottom,left
0.6793324817968287,0.6397114985967441,5.425155560967147,40.34090224542509,36,262,222,77
