Recall,PositiveRating,PerfRatio,Impact,top,right,bottom,left
0.8222714602271628,0.7700282358742748,3.6176947876836567,41.312239537947946,43,291,266,68
