Recall,PositiveRating,PerfRatio,Impact,top,right,bottom,left
0.5918736785899722,0.5284624985617895,4.9276653102584085,38.01248899040984,36,262,222,77
