Recall,PositiveRating,PerfRatio,Impact,top,right,bottom,left
0.4365573989852286,0.5206286991653134,7.307174373722114,45.08003820985783,36,262,222,77
