Recall,PositiveRating,PerfRatio,Impact,top,right,bottom,left
0.7807805133794734,0.6661845744601779,5.790714291276655,42.456637432243355,22,246,226,42
