Recall,PositiveRating,PerfRatio,Impact,top,right,bottom,left
0.6729536546775021,0.6364909992514121,5.0812269336132845,37.178479298328895,22,246,226,42
