Recall,PositiveRating,PerfRatio,Impact,top,right,bottom,left
0.6063463870748936,0.5492481790119355,4.952261391492994,39.657349826692815,36,262,222,77
