Recall,PositiveRating,PerfRatio,Impact,top,right,bottom,left
0.5904649736338266,0.5829283729554078,4.720280166165053,35.42132934812381,22,266,226,62
