Recall,PositiveRating,PerfRatio,Impact,top,right,bottom,left
0.6681032382007932,0.5695232117275439,5.280013769743582,39.31949687208024,22,246,226,42
