Recall,PositiveRating,PerfRatio,Impact,top,right,bottom,left
0.4475333281476359,0.37694514210400215,6.571508933063626,40.197348702922504,57,262,242,77
