Recall,PositiveRating,PerfRatio,Impact,top,right,bottom,left
0.6774642820102936,0.6084915761158571,5.482362366481025,41.96900877772208,36,262,222,77
