Recall,PositiveRating,PerfRatio,Impact,top,right,bottom,left
0.4361666438137438,0.475337518086513,6.896776409620441,42.35268262223864,19,266,242,43
