Recall,PositiveRating,PerfRatio,Impact,top,right,bottom,left
0.4316372124483039,0.4344736339473388,6.944799919537311,42.74628167804865,19,291,242,68
