Recall,PositiveRating,PerfRatio,Impact,top,right,bottom,left
0.6204810326549195,0.6252894787422865,4.987671424617957,37.04422050528486,22,266,226,62
