Recall,PositiveRating,PerfRatio,Impact,top,right,bottom,left
0.37154082116307496,0.3742623189816454,4.479534772944013,41.309728369954286,36,262,222,77
