Recall,PositiveRating,PerfRatio,Impact,top,right,bottom,left
0.4992003809621463,0.551972361700807,4.027812883854346,29.88524339133928,22,266,226,62
