Recall,PositiveRating,PerfRatio,Impact,top,right,bottom,left
0.4166005675989771,0.5276278774612818,7.354208295204429,45.57436026546555,36,262,222,77
