Recall,PositiveRating,PerfRatio,Impact,top,right,bottom,left
0.5015500780518655,0.5494199009881832,4.566732969837469,32.36478226641308,19,266,242,43
