Recall,PositiveRating,PerfRatio,Impact,top,right,bottom,left
0.36188562079992503,0.4235919646028604,4.2959446122717235,39.44606138891061,19,291,242,68
