Recall,PositiveRating,PerfRatio,Impact,top,right,bottom,left
0.5145189499849216,0.5771439294046969,4.254449353453076,29.517974775428627,36,262,222,77
