Recall,PositiveRating,PerfRatio,Impact,top,right,bottom,left
0.4110792854489831,0.45233526319940404,7.2374477149039915,44.71798519121631,36,262,222,77
