Recall,PositiveRating,PerfRatio,Impact,top,right,bottom,left
0.42686526727935636,0.3804851842182776,6.5657352034523715,39.98282953803193,36,262,222,77
