Recall,PositiveRating,PerfRatio,Impact,top,right,bottom,left
0.5056384725548461,0.45139430803239305,6.874668463443609,42.195278586252236,19,266,242,43
