Recall,PositiveRating,PerfRatio,Impact,top,right,bottom,left
0.4400324172451866,0.4275181609498648,6.9434223779176625,42.38953003730553,19,266,242,43
