Recall,PositiveRating,PerfRatio,Impact,top,right,bottom,left
0.6704941014111975,0.6102964983214125,5.091559465886198,41.44528421356955,19,291,242,68
