Recall,PositiveRating,PerfRatio,Impact,top,right,bottom,left
0.5575163969108754,0.6067204205248624,4.747790059974217,33.99152014942063,19,266,242,43
