Recall,PositiveRating,PerfRatio,Impact,top,right,bottom,left
0.3315950095093746,0.366334762353575,4.158069362526272,38.0527506949193,57,262,242,77
