Recall,PositiveRating,PerfRatio,Impact,top,right,bottom,left
0.5429358183280375,0.5376084366580949,4.794739138219718,34.873294027684416,19,266,242,43
