Recall,PositiveRating,PerfRatio,Impact,top,right,bottom,left
0.5597381430458739,0.5775709159657104,4.449716521421528,32.820154707476384,1,266,205,62
