Recall,PositiveRating,PerfRatio,Impact,top,right,bottom,left
0.4621795515489844,0.49226609061761467,6.88322008394219,42.158870678735,36,262,222,77
