Recall,PositiveRating,PerfRatio,Impact,top,right,bottom,left
0.49555664946036454,0.6057483707338236,4.411058715742129,32.06769409034414,19,266,242,43
