Recall,PositiveRating,PerfRatio,Impact,top,right,bottom,left
0.45973794892788483,0.5968087104109762,4.225317617358103,28.716983414731992,36,262,222,77
