Recall,PositiveRating,PerfRatio,Impact,top,right,bottom,left
0.46829062871999055,0.5435858008365437,4.088098720129991,30.262098973790913,22,246,226,42
