Recall,PositiveRating,PerfRatio,Impact,top,right,bottom,left
0.5507912146678402,0.5986218296806092,4.482481802517998,31.59540240804871,19,266,242,43
