Recall,PositiveRating,PerfRatio,Impact,top,right,bottom,left
0.3810625817707108,0.5008850148185773,4.0830449453983135,30.635306088435637,22,266,226,62
