Recall,PositiveRating,PerfRatio,Impact,top,right,bottom,left
0.7008195169974658,0.5923337630559348,5.513449216502975,41.698463546423504,19,291,242,68
