Recall,PositiveRating,PerfRatio,Impact,top,right,bottom,left
0.5171211891101279,0.52107702509693,4.620973155729365,37.813440340750184,36,262,222,77
