Recall,PositiveRating,PerfRatio,Impact,top,right,bottom,left
0.5222395774952966,0.56449117339284,4.747966328640821,36.20884283704542,36,262,222,77
