Recall,PositiveRating,PerfRatio,Impact,top,right,bottom,left
0.749251978124341,0.6310169774271871,5.242088064337152,38.73909216508272,22,266,226,62
