Recall,PositiveRating,PerfRatio,Impact,top,right,bottom,left
0.4258155237853946,0.5228760003431759,3.816640745579286,28.21175831453873,11,283,255,38
