Recall,PositiveRating,PerfRatio,Impact,top,right,bottom,left
0.3622395798982947,0.3950823468128488,4.194341102639835,38.65247000799047,36,262,222,77
