Recall,PositiveRating,PerfRatio,Impact,top,right,bottom,left
0.6475948919041985,0.5574637898758681,5.4323810627593225,42.979772630043456,57,262,242,77
