Recall,PositiveRating,PerfRatio,Impact,top,right,bottom,left
0.3676440301271945,0.344624934382359,4.376426000699311,40.333830167190754,19,266,242,43
