Recall,PositiveRating,PerfRatio,Impact,top,right,bottom,left
0.6428889976164541,0.5823899322820456,3.786609473115528,44.06972790730003,36,262,222,77
