Recall,PositiveRating,PerfRatio,Impact,top,right,bottom,left
0.5363968257392533,0.46945754585277333,3.428736830288151,40.40049452139281,36,262,222,77
