Recall,PositiveRating,PerfRatio,Impact,top,right,bottom,left
0.36814333909802577,0.5315944090543137,2.9116894114936263,34.896505764730044,36,262,222,77
