Recall,PositiveRating,PerfRatio,Impact,top,right,bottom,left
0.5401901511220025,0.4439631017266964,3.383512231872497,39.821100336731746,36,262,222,77
