Recall,PositiveRating,PerfRatio,Impact,top,right,bottom,left
0.523375663354516,0.6331869283843126,3.7050891675923547,44.611712414300726,36,262,222,77
