Recall,PositiveRating,PerfRatio,Impact,top,right,bottom,left
0.48057084246090787,0.5588584774506467,3.1930438353277015,38.044103518865754,36,262,222,77
