Recall,PositiveRating,PerfRatio,Impact,top,right,bottom,left
0.6412986619912419,0.5931919959955216,3.676796259445392,42.73113722200058,36,262,222,77
