Recall,PositiveRating,PerfRatio,Impact,top,right,bottom,left
0.5819344672981069,0.48775971772568705,3.648988535169863,42.60316082546924,19,291,242,68
