Recall,PositiveRating,PerfRatio,Impact,top,right,bottom,left
0.490835324275509,0.5742655903643648,3.4791718089111003,41.51842642119798,36,262,222,77
