Recall,PositiveRating,PerfRatio,Impact,top,right,bottom,left
0.5410799496459648,0.4512130406840569,3.391147152537634,40.445907695715164,19,291,242,68
