Recall,PositiveRating,PerfRatio,Impact,top,right,bottom,left
0.5156248933423659,0.5633289330703574,3.268228493212027,39.516163505420735,19,266,242,43
