Recall,PositiveRating,PerfRatio,Impact,top,right,bottom,left
0.531034047240889,0.580305863432151,3.5125627837841202,41.25093964331719,36,262,222,77
