Recall,PositiveRating,PerfRatio,Impact,top,right,bottom,left
0.5581095709296706,0.5130229571653633,3.5793830601471464,42.52945470397592,36,262,222,77
