Recall,PositiveRating,PerfRatio,Impact,top,right,bottom,left
0.5666511019196703,0.518891685527153,3.5101802853668924,41.62925609728311,19,266,242,43
