Recall,PositiveRating,PerfRatio,Impact,top,right,bottom,left
0.5939755994663575,0.546255988886881,3.479929497012647,41.255067511688594,36,262,222,77
