Recall,PositiveRating,PerfRatio,Impact,top,right,bottom,left
0.5858567976060232,0.44060703230151954,3.3295520059553834,38.64046868106737,19,266,242,43
