Recall,PositiveRating,PerfRatio,Impact,top,right,bottom,left
0.6114236132695168,0.543618964507586,3.6247353334415027,42.44091538604012,36,262,222,77
