Recall,PositiveRating,PerfRatio,Impact,top,right,bottom,left
0.5989522429641861,0.512808557862604,3.519330063407566,41.08636548076266,36,262,222,77
