Recall,PositiveRating,PerfRatio,Impact,top,right,bottom,left
0.5440543556027352,0.47916359782788587,3.419976057548093,39.32724379113901,36,262,222,77
