Recall,PositiveRating,PerfRatio,Impact,top,right,bottom,left
0.5883632820202996,0.5689641656736592,3.4411464573320014,41.17048297271358,36,262,222,77
