Recall,PositiveRating,PerfRatio,Impact,top,right,bottom,left
0.5532800803754206,0.5549543905696159,3.4651892660042543,41.49722042239993,19,266,242,43
