Recall,PositiveRating,PerfRatio,Impact,top,right,bottom,left
0.5786370065184092,0.5631612113274603,3.573712048037643,42.800744592622465,43,291,266,68
