Recall,PositiveRating,PerfRatio,Impact,top,right,bottom,left
0.5467501281885938,0.5734393070585035,3.5005266666643173,41.79524869465926,19,291,242,68
