Recall,PositiveRating,PerfRatio,Impact,top,right,bottom,left
0.5799437569489863,0.5291673911208511,3.3883375755590746,40.53711710729827,36,262,222,77
