Recall,PositiveRating,PerfRatio,Impact,top,right,bottom,left
0.5228289924422572,0.5008661811015248,3.4037341702252077,40.064459573753105,36,262,222,77
