Recall,PositiveRating,PerfRatio,Impact,top,right,bottom,left
0.5326822487115114,0.5373676286219401,3.2228955143724916,38.655578818123814,36,262,222,77
