Recall,PositiveRating,PerfRatio,Impact,top,right,bottom,left
0.5582273628151105,0.5197857387582455,3.3304712922450195,39.58235638684596,19,266,242,43
