Recall,PositiveRating,PerfRatio,Impact,top,right,bottom,left
0.5628155692964448,0.6147096736556072,3.692978665785337,43.82273647900601,19,291,242,68
