Recall,PositiveRating,PerfRatio,Impact,top,right,bottom,left
0.5220917854641501,0.6162960523228918,3.4191174672740843,40.45647869112754,36,262,222,77
