Recall,PositiveRating,PerfRatio,Impact,top,right,bottom,left
0.5575226870677489,0.5261327337257347,3.3821030322295194,40.45761681230473,36,262,222,77
