Recall,PositiveRating,PerfRatio,Impact,top,right,bottom,left
0.4229858566790927,0.49917308301307683,2.9476773316866707,35.25559109452377,36,262,222,77
