Recall,PositiveRating,PerfRatio,Impact,top,right,bottom,left
0.5648982303685034,0.48997077334776296,3.5457028942350055,41.76290972962832,19,266,242,43
