Recall,PositiveRating,PerfRatio,Impact,top,right,bottom,left
0.5607352429861645,0.5053250158844501,3.4747811222874048,40.300395933420845,36,262,222,77
