Recall,PositiveRating,PerfRatio,Impact,top,right,bottom,left
0.5729614709821598,0.6105591017515687,3.71611462833781,44.297217016526155,19,266,242,43
