Recall,PositiveRating,PerfRatio,Impact,top,right,bottom,left
0.5735516827792182,0.5497990480864313,3.4663551372317225,40.49572809034873,19,266,242,43
