Recall,PositiveRating,PerfRatio,Impact,top,right,bottom,left
0.6129859417345715,0.6528791182663269,3.843125768082321,45.11916560121971,36,262,222,77
