Recall,PositiveRating,PerfRatio,Impact,top,right,bottom,left
0.46407392753934806,0.5851755540428015,3.3926584497674535,40.51161588583577,36,262,222,77
