Recall,PositiveRating,PerfRatio,Impact,top,right,bottom,left
0.47967729766409584,0.5110158663017559,3.2860284864713822,39.530399921694816,36,262,222,77
