Recall,PositiveRating,PerfRatio,Impact,top,right,bottom,left
0.4236628982318762,0.49156552580246204,2.9119596341235146,34.531753907730064,19,266,242,43
