Recall,PositiveRating,PerfRatio,Impact,top,right,bottom,left
0.5816212781641159,0.5903336645759941,3.6245540367362983,43.49727308476546,19,266,242,43
