Recall,PositiveRating,PerfRatio,Impact,top,right,bottom,left
0.4179978858321045,0.5242666925573436,3.005537428231737,35.98515916611594,36,262,222,77
