Recall,PositiveRating,PerfRatio,Impact,top,right,bottom,left
0.5678437138693404,0.5485845197219712,3.4128970956278257,39.73884189408101,19,291,242,68
