Recall,PositiveRating,PerfRatio,Impact,top,right,bottom,left
0.5930571777700983,0.5915579506359042,3.5982355783259186,43.109089625999275,36,262,222,77
