Recall,PositiveRating,PerfRatio,Impact,top,right,bottom,left
0.526768791182687,0.5088876301098426,3.5307729646631123,41.64229306555824,19,291,242,68
