Recall,PositiveRating,PerfRatio,Impact,top,right,bottom,left
0.49309890484597396,0.5419867754732862,3.316792490526412,39.17198779157182,19,266,242,43
