Recall,PositiveRating,PerfRatio,Impact,top,right,bottom,left
0.5317963624505535,0.44284586246230073,3.3536424772413542,38.9385010013566,36,262,222,77
