Recall,PositiveRating,PerfRatio,Impact,top,right,bottom,left
0.5980137286639398,0.5085090938114287,3.609842953658402,42.3755439582751,19,266,242,43
