Recall,PositiveRating,PerfRatio,Impact,top,right,bottom,left
0.5641308767642821,0.577341958672289,3.627494687562186,43.056588677285845,36,262,222,77
