Recall,PositiveRating,PerfRatio,Impact,top,right,bottom,left
0.47379102973330145,0.5435893545407932,3.2383777939049936,39.067327228807066,19,266,242,43
