Recall,PositiveRating,PerfRatio,Impact,top,right,bottom,left
0.5695276187096318,0.5058324455488891,3.468085030476943,41.27081080152758,36,262,222,77
