Recall,PositiveRating,PerfRatio,Impact,top,right,bottom,left
0.4990564016336264,0.538712133396383,3.0674129794185774,36.639918972819785,36,262,222,77
