Recall,PositiveRating,PerfRatio,Impact,top,right,bottom,left
0.5202343604890037,0.5449999698138069,3.2937124691569055,38.49285225652964,36,262,222,77
