Recall,PositiveRating,PerfRatio,Impact,top,right,bottom,left
0.4768163026680581,0.5288702136066061,3.339017498600454,39.769953411093404,36,262,222,77
