Recall,PositiveRating,PerfRatio,Impact,top,right,bottom,left
0.44469156959600364,0.5772254899927386,3.250792525055547,38.416918387172984,19,266,242,43
