Recall,PositiveRating,PerfRatio,Impact,top,right,bottom,left
0.5096688771142409,0.5362661604054858,3.1765929912233,38.26430205619482,36,262,222,77
