Recall,PositiveRating,PerfRatio,Impact,top,right,bottom,left
0.5628898158646806,0.5212137954817018,3.311194247669419,39.16752721234404,36,262,222,77
