Recall,PositiveRating,PerfRatio,Impact,top,right,bottom,left
0.38092920087337934,0.5160975108655852,3.0466079009767912,36.53336685920693,19,266,242,43
