Recall,PositiveRating,PerfRatio,Impact,top,right,bottom,left
0.5431114143194509,0.5686875304484126,3.405829105323186,40.24255378152176,36,262,222,77
