Recall,PositiveRating,PerfRatio,Impact,top,right,bottom,left
0.5123700328955285,0.5492634101468351,3.333204442881495,40.05085444746848,36,262,222,77
