Recall,PositiveRating,PerfRatio,Impact,top,right,bottom,left
0.5622180558916233,0.48577494842572677,3.445013542020946,40.678161102665655,43,266,266,43
