Recall,PositiveRating,PerfRatio,Impact,top,right,bottom,left
0.4776532850886537,0.5861405853218721,3.3913863385096312,39.90450332227089,36,262,222,77
