Recall,PositiveRating,PerfRatio,Impact,top,right,bottom,left
0.5785941615669211,0.5171796683724252,3.692925054947769,43.036626803904156,36,262,222,77
