Recall,PositiveRating,PerfRatio,Impact,top,right,bottom,left
0.3992789910395961,0.5570990149223063,2.987482058664774,35.96094620610146,36,262,222,77
