Recall,PositiveRating,PerfRatio,Impact,top,right,bottom,left
0.4154944651944944,0.5197075609141917,2.9898088240846894,35.66327315851521,36,262,222,77
