Recall,PositiveRating,PerfRatio,Impact,top,right,bottom,left
0.5352857102131715,0.5128697742871853,3.4079348181238633,40.33982676470463,36,262,222,77
