Recall,PositiveRating,PerfRatio,Impact,top,right,bottom,left
0.6225716281487772,0.5870644699608857,3.472600286000052,40.889596890176655,19,266,242,43
