Recall,PositiveRating,PerfRatio,Impact,top,right,bottom,left
0.5417728409454255,0.5409622486144304,3.4954707730949393,42.0684886016578,36,262,222,77
