Recall,PositiveRating,PerfRatio,Impact,top,right,bottom,left
0.5865510667921858,0.48935434382593035,3.5318851136191975,41.41568476203371,36,262,222,77
