Recall,PositiveRating,PerfRatio,Impact,top,right,bottom,left
0.548799152935426,0.5417034789568078,3.475472844722896,41.575102946492365,19,266,242,43
