Recall,PositiveRating,PerfRatio,Impact,top,right,bottom,left
0.4587475345886258,0.46135931326106716,3.0789386653711994,36.801401293555784,43,266,266,43
