Recall,PositiveRating,PerfRatio,Impact,top,right,bottom,left
0.4683665360272169,0.5432681039030868,2.984891987191614,35.25603176757357,19,291,242,68
