Recall,PositiveRating,PerfRatio,Impact,top,right,bottom,left
0.5706335103588699,0.5770359016437867,3.787292293733083,44.57915950809327,36,262,222,77
