Recall,PositiveRating,PerfRatio,Impact,top,right,bottom,left
0.5713440510951168,0.542358823678999,3.525549806974125,41.99870960307564,36,262,222,77
