Recall,PositiveRating,PerfRatio,Impact,top,right,bottom,left
0.5524404536388,0.5134821714574793,3.436613110676779,40.964275969197175,19,266,242,43
