Recall,PositiveRating,PerfRatio,Impact,top,right,bottom,left
0.526886244331427,0.569973207288505,3.4849813861910404,41.69077845368286,19,266,242,43
