Recall,PositiveRating,PerfRatio,Impact,top,right,bottom,left
0.61882672809924,0.6588452860998386,4.994643968413094,37.898159894531666,57,262,242,77
