Recall,PositiveRating,PerfRatio,Impact,top,right,bottom,left
0.49680699589446004,0.5323228611086283,4.466291622572637,30.20775306530544,19,291,242,68
