Recall,PositiveRating,PerfRatio,Impact,top,right,bottom,left
0.47748970507660665,0.4960643006061496,3.8646231602274854,26.51588377116172,36,262,222,77
