Recall,PositiveRating,PerfRatio,Impact,top,right,bottom,left
0.5656635609788114,0.6095419410687717,4.82253180820702,36.97391186007041,36,262,222,77
