Recall,PositiveRating,PerfRatio,Impact,top,right,bottom,left
0.5652378282622853,0.5236786773865156,4.782257842351077,37.914884134614105,19,266,242,43
