Recall,PositiveRating,PerfRatio,Impact,top,right,bottom,left
0.43474053118220984,0.560380332577196,4.171360105312846,29.568723528021582,36,262,222,77
