Recall,PositiveRating,PerfRatio,Impact,top,right,bottom,left
0.7529022079308413,0.7018379155672754,5.724706309013343,45.35487415009959,19,266,242,43
