Recall,PositiveRating,PerfRatio,Impact,top,right,bottom,left
0.7628929244318118,0.7198257231549002,5.541750528672456,45.68157560233604,19,266,242,43
