Recall,PositiveRating,PerfRatio,Impact,top,right,bottom,left
0.5890519682066225,0.6496292050741143,5.028784023487081,37.49727233367739,36,262,222,77
