Recall,PositiveRating,PerfRatio,Impact,top,right,bottom,left
0.6667501644425873,0.569532044202422,4.829829496356232,39.745169989845664,19,291,242,68
