Recall,PositiveRating,PerfRatio,Impact,top,right,bottom,left
0.5586339176190919,0.5391795547983503,4.700693249770277,37.98364116593738,36,262,222,77
