Recall,PositiveRating,PerfRatio,Impact,top,right,bottom,left
0.3988651840871508,0.5458567660342213,4.072976064436575,26.567908675058217,19,266,242,43
