Recall,PositiveRating,PerfRatio,Impact,top,right,bottom,left
0.5951342247123542,0.557256043680561,5.001127964314233,39.042047032363435,36,262,222,77
