Recall,PositiveRating,PerfRatio,Impact,top,right,bottom,left
0.556581304651255,0.532373971340089,4.781252219483324,41.330069127742405,36,262,222,77
