Recall,PositiveRating,PerfRatio,Impact,top,right,bottom,left
0.6735043905591913,0.627729011962877,5.139924056894559,39.52028940966331,19,266,242,43
