Recall,PositiveRating,PerfRatio,Impact,top,right,bottom,left
0.6393057348737549,0.6275600947934484,5.185443111043786,42.26913844576463,36,262,222,77
