Recall,PositiveRating,PerfRatio,Impact,top,right,bottom,left
0.7120850012695065,0.6812123957451924,5.453228898284335,45.175813095994386,19,266,242,43
