Recall,PositiveRating,PerfRatio,Impact,top,right,bottom,left
0.5436698452060964,0.6590413065611901,4.872455577678585,37.07238675969449,19,266,242,43
