Recall,PositiveRating,PerfRatio,Impact,top,right,bottom,left
0.5869978916680055,0.4889514096694386,4.972500768211858,41.989330649379035,36,262,222,77
