Recall,PositiveRating,PerfRatio,Impact,top,right,bottom,left
0.6194488689762544,0.6440161167776315,5.407457196845355,47.90883236406651,19,266,242,43
