Recall,PositiveRating,PerfRatio,Impact,top,right,bottom,left
0.617393407439912,0.6036896761090413,4.9809689041139755,39.96094422013791,19,266,242,43
