Recall,PositiveRating,PerfRatio,Impact,top,right,bottom,left
0.49718643628146936,0.5748027298687352,4.411049611135058,31.663684284561235,19,266,242,43
