Recall,PositiveRating,PerfRatio,Impact,top,right,bottom,left
0.4035097156184761,0.5700793503236505,4.4587744600270325,31.829946131419426,19,266,242,43
