Recall,PositiveRating,PerfRatio,Impact,top,right,bottom,left
0.5238356502600691,0.5685826952674157,4.459930706147603,36.39299376494363,36,262,222,77
