Recall,PositiveRating,PerfRatio,Impact,top,right,bottom,left
0.59739957440041,0.5524124680042707,5.112132990899368,40.57702482467622,19,266,242,43
