Recall,PositiveRating,PerfRatio,Impact,top,right,bottom,left
0.6474908418510147,0.6137130148825255,4.940273146703545,41.40324329968447,19,266,242,43
