Recall,PositiveRating,PerfRatio,Impact,top,right,bottom,left
0.6106373625175564,0.5954910768104937,4.818779648644404,39.83776432514087,19,266,242,43
