Recall,PositiveRating,PerfRatio,Impact,top,right,bottom,left
0.6263112537368246,0.6181085154323676,4.871954636174054,34.84905830999781,36,262,222,77
