Recall,PositiveRating,PerfRatio,Impact,top,right,bottom,left
0.7025052014202341,0.7116201913063444,5.125500436962288,40.952564609670745,19,266,242,43
