Recall,PositiveRating,PerfRatio,Impact,top,right,bottom,left
0.6644599336961581,0.6378284905427744,5.343365443722204,44.426789209809996,19,266,242,43
