Recall,PositiveRating,PerfRatio,Impact,top,right,bottom,left
0.6829877299313815,0.49980834633309024,5.0209111855353115,41.332007398968905,36,262,222,77
