Recall,PositiveRating,PerfRatio,Impact,top,right,bottom,left
0.6377407028380783,0.5871590942747364,5.117955933224121,39.834154132401274,36,262,222,77
