Recall,PositiveRating,PerfRatio,Impact,top,right,bottom,left
0.5066915324788349,0.5992387093241034,4.370901307658079,30.755784907320038,43,291,266,68
