Recall,PositiveRating,PerfRatio,Impact,top,right,bottom,left
0.5252388839088243,0.5650629604517606,4.321570110184743,29.530170221454856,36,262,222,77
