Recall,PositiveRating,PerfRatio,Impact,top,right,bottom,left
0.5938821988683374,0.54474283528525,5.142635256073934,44.137954374447844,57,262,242,77
