Recall,PositiveRating,PerfRatio,Impact,top,right,bottom,left
0.43216113770618175,0.5566428667578086,4.1963505459443,28.675121717848217,36,262,222,77
