Recall,PositiveRating,PerfRatio,Impact,top,right,bottom,left
0.5824368265735368,0.5771903778673779,4.691053790274904,35.24374723241411,36,262,222,77
