Recall,PositiveRating,PerfRatio,Impact,top,right,bottom,left
0.4521616727698076,0.5226051788743554,4.327209407026121,35.14399725987475,36,262,222,77
