Recall,PositiveRating,PerfRatio,Impact,top,right,bottom,left
0.46742137661944627,0.6234560530629601,4.786721474087601,33.38827415376499,36,262,222,77
