Recall,PositiveRating,PerfRatio,Impact,top,right,bottom,left
0.5989494549427316,0.6011702801791617,4.945522750432373,38.16087430757928,19,291,242,68
