Recall,PositiveRating,PerfRatio,Impact,top,right,bottom,left
0.4951086346426223,0.5920572808730576,4.8332856921719,36.392664781288275,36,262,222,77
