Recall,PositiveRating,PerfRatio,Impact,top,right,bottom,left
0.587860859273008,0.5897146653300086,4.955203586628785,39.284944235085504,36,262,222,77
