Recall,PositiveRating,PerfRatio,Impact,top,right,bottom,left
0.5872329800173751,0.6060953335132441,5.135109910952451,39.01994850074176,36,262,222,77
