Recall,PositiveRating,PerfRatio,Impact,top,right,bottom,left
0.6851560198071792,0.6733090373940523,5.480302764804387,45.41447458300032,19,266,242,43
