Recall,PositiveRating,PerfRatio,Impact,top,right,bottom,left
0.6572777054833109,0.5899254392331279,5.142155760036873,43.999691088093925,19,266,242,43
