Recall,PositiveRating,PerfRatio,Impact,top,right,bottom,left
0.5201847468763853,0.6343147160475807,4.877625946237814,36.54609636148758,36,262,222,77
