Recall,PositiveRating,PerfRatio,Impact,top,right,bottom,left
0.5029996254418276,0.5003607142478376,4.487029955032715,32.067205908476964,43,291,266,68
