Recall,PositiveRating,PerfRatio,Impact,top,right,bottom,left
0.67280711112304,0.6049128786140449,5.405942647723433,44.03413419762645,19,291,242,68
