Recall,PositiveRating,PerfRatio,Impact,top,right,bottom,left
0.5445285219398076,0.5616968071095941,4.753859454137674,38.04755036119775,36,262,222,77
