Recall,PositiveRating,PerfRatio,Impact,top,right,bottom,left
0.5072078710892715,0.6747283669436093,4.783109386538486,34.846686084199305,36,262,222,77
