Recall,PositiveRating,PerfRatio,Impact,top,right,bottom,left
0.47323388910777964,0.4989235983866652,4.452542060075101,32.703438410506486,36,262,222,77
