Recall,PositiveRating,PerfRatio,Impact,top,right,bottom,left
0.6789969909858318,0.6340402753032038,5.548075952104209,48.37058272689635,19,266,242,43
