Recall,PositiveRating,PerfRatio,Impact,top,right,bottom,left
0.40886019973011284,0.5432488514443459,4.1981583690651245,28.398377194592147,36,262,222,77
