Recall,PositiveRating,PerfRatio,Impact,top,right,bottom,left
0.6178984925089575,0.5891146307280363,4.697882978087626,37.56601622635887,36,262,222,77
