Recall,PositiveRating,PerfRatio,Impact,top,right,bottom,left
0.6938022602155779,0.5913029567916247,5.119646648509379,43.969448167748816,36,262,222,77
