Recall,PositiveRating,PerfRatio,Impact,top,right,bottom,left
0.6186461329322447,0.6108304890580354,5.1889061477064935,41.7246761629259,19,266,242,43
