Recall,PositiveRating,PerfRatio,Impact,top,right,bottom,left
0.6071060193229493,0.4931210646545111,4.600584578789692,39.423398365938596,19,266,242,43
