Recall,PositiveRating,PerfRatio,Impact,top,right,bottom,left
0.42349978277119,0.5771834780948968,4.1922892854696014,28.98968474557182,36,262,222,77
