Recall,PositiveRating,PerfRatio,Impact,top,right,bottom,left
0.7032842259303108,0.6218002430238815,5.463034165339339,45.608657597341896,19,266,242,43
