Recall,PositiveRating,PerfRatio,Impact,top,right,bottom,left
0.6043460508614334,0.5931908973811886,5.023030550522769,39.06345926560572,19,291,242,68
