Recall,PositiveRating,PerfRatio,Impact,top,right,bottom,left
0.5654555521652296,0.5691016457741696,4.86732099507043,36.82112079699984,19,266,242,43
