Recall,PositiveRating,PerfRatio,Impact,top,right,bottom,left
0.7264520259978312,0.6734036351351514,5.7081517055878015,46.98498356505803,36,262,222,77
