Recall,PositiveRating,PerfRatio,Impact,top,right,bottom,left
0.6783818617017129,0.6497333217350898,5.635185847711493,48.97450346587808,36,262,222,77
