Recall,PositiveRating,PerfRatio,Impact,top,right,bottom,left
0.5024858924729603,0.5811405605391649,4.766152299065141,35.261197214059536,36,262,222,77
