Recall,PositiveRating,PerfRatio,Impact,top,right,bottom,left
0.4373359170128535,0.5311865063081053,4.184602821561157,30.171398060371573,36,262,222,77
