Recall,PositiveRating,PerfRatio,Impact,top,right,bottom,left
0.6377802689741643,0.6228913265570236,5.068204025377976,41.00217957171313,36,262,222,77
