Recall,PositiveRating,PerfRatio,Impact,top,right,bottom,left
0.7027240065228703,0.5972212561630206,5.2327299362741435,45.20556520046158,36,262,222,77
