Recall,PositiveRating,PerfRatio,Impact,top,right,bottom,left
0.3952604324948486,0.5178530659495351,3.9922515878104305,24.92867669621132,36,262,222,77
