Recall,PositiveRating,PerfRatio,Impact,top,right,bottom,left
0.4729984899376401,0.5348607212387274,4.587070647707287,34.25470855243613,19,266,242,43
