Recall,PositiveRating,PerfRatio,Impact,top,right,bottom,left
0.42353046211410195,0.5433362517586846,3.9535888312017273,26.226579095496433,19,266,242,43
