Recall,PositiveRating,PerfRatio,Impact,top,right,bottom,left
0.7592311736589293,0.6564423146218669,5.783026110886857,49.409996671591415,36,262,222,77
