Recall,PositiveRating,PerfRatio,Impact,top,right,bottom,left
0.6307911421645478,0.6115214185236584,5.210276818598346,44.43925669285121,36,262,222,77
