Recall,PositiveRating,PerfRatio,Impact,top,right,bottom,left
0.6280886472702679,0.564443105924593,5.000354494223879,43.294695364114084,19,291,242,68
