Recall,PositiveRating,PerfRatio,Impact,top,right,bottom,left
0.5711855944331317,0.5697773969805825,5.000483342375659,39.82351750820389,36,262,222,77
