Recall,PositiveRating,PerfRatio,Impact,top,right,bottom,left
0.4323909416551904,0.5319910125651794,4.426397006410527,30.857305599303913,19,266,242,43
