Recall,PositiveRating,PerfRatio,Impact,top,right,bottom,left
0.5793818493846254,0.48959397726359954,4.857615599105706,40.470319171198874,43,266,266,43
