Recall,PositiveRating,PerfRatio,Impact,top,right,bottom,left
0.5741206292191935,0.620027790010872,4.993074196321348,38.457703299666306,36,262,222,77
