Recall,PositiveRating,PerfRatio,Impact,top,right,bottom,left
0.49630635830150854,0.6317817827737046,4.579915741822536,32.776256705564265,19,266,242,43
